title,price,rating
Xiaomi Notebook Pro QHD+IPS AntiGlare Display Intel Core I5-11300H 11th Gen 14 Inch Thin & Light Laptop (16GB/512GB SSD/Iris Xe Graphics/Windows 11 Home/MS Office21/Backlit Keyboard/FP Sensor/1.4 Kg)  ,"56,999",
"Lenovo ThinkPad E14 Intel Core i5 12th Gen 14"" FHD Thin and Light Laptop (16GB RAM/512GB SSD/Windows 11 Home/MS Office H&S 2021/FPR/Backlit Keyboard/Black/1.59 kg), 21E3S04W00  ","70,990",
"HP 255 G8 Laptop with AMD Athlon Silver 3050U APU/ 8GB Ram/ 256GB SSD/DOS/AMD Radeon Vega 8 Mobile Graphics/39.6 cm HD (1366 x 768), SVA, Anti-Glare WLED/Black/1 Year Onsite Warranty  ","25,999",
"(Renewed) Dell Latitude E5470 Intel Core i5 6th Gen.6200u Processor 14.1 Inches HD Screen Notebook Computer (8 GB Ram & 256 GB SSD, Windows 10 Pro, 1.71Kg)  ","17,920",3.6 out of 5 stars
"Dell Inspiron 3520 Laptop,12th Gen Intel Core i5-1235U, 8GB, 1TB + 256GB SSD, 15.6"" (39.62Cms) FHD WVA AG 120Hz 250 nits, Win 11 + MSO'21, Black (D560874WIN9B, 1.65KGs)  ","57,990",3.6 out of 5 stars
"Lenovo Ideapad 3 AMD Ryzen 5 5500U 15.6"" (39.62cm) FHD Thin & Light Laptop (8GB/512GB SSD/Windows 11/Office 2021/Backlit Keyboard/2Yr Warranty/Arctic Grey/1.65Kg), 82KU017KIN  ","43,917",
"HP 15s, 11th Gen Intel Core i3 8GB RAM/1TB HDD+256 GB SSD 15.6-inches/39.6 cm FHD Laptop/Windows 11/Intel UHD Graphics/Dual Speakers/Alexa/MSO/Fast Charge/1.75 Kg, 15s-du3614TU  ","39,990",3.4 out of 5 stars
"Lenovo IdeaPad Slim 3 Intel Celeron N4020 4th Gen 15.6"" (39.62cm) HD 220nits Anti-Glare (8GB/256GB SDD/Windows 11/Office 2021/2Yr Warranty/3months Game Pass/Platinum Grey/1.7Kg), 81WQ00NXIN  ","25,470",3.7 out of 5 stars
"Dell Inspiron 3511 Laptop, Intel i3-1115G4, 8GB DDR4 & 512GB SSD, Windows 11 + MSO'21, 15.6"" (39.62Cms) FHD WVA AG, Carbon Black (D560801WIN9B, 1.8Kgs)  ","41,990",3.6 out of 5 stars
"ASUS VivoBook 14, Intel Core i3-1115G4 11th Gen, 14"" (35.56 cm) FHD, Thin and Light Laptop (8GB/512GB SSD/Office 2021/Windows 11 Home/Integrated Graphics/FP Reader/Silver/1.6 kg), X415EA-EK322WS  ","38,990",
"Lenovo V15 Intel Celeron N4020 15.6"" (39.62 cm) HD 220 nits Antiglare Thin and Light Laptop (4GB RAM/256GB SSD/DOS/Iron Grey/1.85 kg), 82C3A008IH  ","22,980",
"Apple 2023 MacBook Pro Laptop M2 Max chip with 12‑core CPU and 38‑core GPU: 33.74 cm (16.2-inch), 32GB Unified Memory, 1TB SSD Storage. Works with iPhone/iPad; Silver  ","3,45,766",
"Apple 2023 MacBook Pro Laptop M2 Max chip with 12‑core CPU and 38‑core GPU: 33.74 cm (16.2-inch), 32GB Unified Memory, 1TB SSD Storage. Works with iPhone/iPad; Space Grey  ","3,49,900",
"Honor MagicBook 14, AMD Ryzen 5 5500U 14-inch (35.56 cm) FHD IPS Anti-Glare Thin and Light Laptop (16GB/512GB PCIe SSD/Windows 11/Fingerprint Login/Metal Body/Backlit KB/1.38Kg), Gray, NobelM-WFQ9AHNE  ","44,990",
HP 245 G8 3S7L2PA Notebook Business Laptop 14 Inch HD (AMD Ryzen 3-3250/4 GB RAM / 1TB HDD/Windows 11 Home) 1 Year Onsite Brand Warranty  ,"24,990",
"Dell Vostro 3510 Laptop, Intel Pentium Gold 7505, 8GB & 256GB SSD, 15.6"" (39.62Cms) FHD WVA AG, Win 11 + MSO'21, Carbon Color (ICC-D585046WIN8, 1.69KGs)  ","32,590",
"HP 15s, 11th Gen Intel Core i5-1155G7, 15.6 inch(39.6cm) FHD Anti-Glare Laptop(8GB RAM/512 GB SSD/Intel Iris Xe Graphics/Win 11/Dual Speakers/Backlit KeyboardAlexa Built-in/MSO 2021) 15s-fr4000TU  ","52,990",
"HP 15s, AMD Ryzen 3 5300U, 15.6 inch(39.6cm) FHD Anti-Glare Laptop(8GB RAM/512 GB SSD/AMD Radeon Graphics/Win 11/MSO/Backlit Keyboard/Dual Speakers) 15s- eq2213AU  ","39,990",
"(Renewed) Lenovo ThinkPad T450 Intel Core i5-5300U 14 inches Business Laptop Computer, 8GB RAM, 256GB SSD, Windows 10, 1.1925Kg, 1.1925Kg  ","16,995",3.5 out of 5 stars
"HP 14s, Intel Celeron N4500, 8GB RAM/256GB SSD 14-inches/35.6 cm HD, Micro-Edge Display/Alexa Built-in/Windows 11/Intel UHD Graphics/Dual Speakers/MSO 2021/1.46 Kg, 14s-dq3037tu  ","25,990",3.7 out of 5 stars
"Lenovo IdeaPad D330 Intel Celeron N4020 10.1"" (25cm) HD IPS Detachable 2-in-1 Laptop (4GB/128GB eMMC/Windows 10/1 Yr Warranty/Mineral Grey/1.1Kg), 82H0001YIN  ","20,990",
"Fujitsu CH Intel Evo Core i5 11th Gen 13.3â€ FHD IGZO Panel 400Nits Thin & Light Laptop(16GB/512GB SSD/Windows 11/Office 2021/Iris Xe Graphics/Backlit/2Yr Warranty/Brown/988gm),4ZR1H03553  ","54,990",
"Lenovo V15 AMD Ryzen5 5500U 15.6"" (39.62 cm) FHD (1920x1080) Antiglare 250 nits Thin and Light Laptop (8GB RAM/512GB SSD/DOS/Iron Grey/1.7 kg), 82KDA011IH  ","35,990",3.7 out of 5 stars
"Apple 2023 MacBook Pro Laptop M2 Max chip with 12‑core CPU and 38‑core GPU: 33.74 cm (16.2-inch), 32GB Unified Memory, 1TB SSD Storage. Works with iPhone/iPad; Silver  ","3,45,766",
"Apple 2023 MacBook Pro Laptop M2 Max chip with 12‑core CPU and 38‑core GPU: 33.74 cm (16.2-inch), 32GB Unified Memory, 1TB SSD Storage. Works with iPhone/iPad; Space Grey  ","3,49,900",
"Lenovo IdeaPad Slim 3 Intel Celeron N4020 4th Gen 15.6"" (39.62cm) HD Thin & Light Laptop (8GB/256GB SSD/Windows 11/Office 2021/2Yr Warranty/3months Game Pass/Platinum Grey/1.7Kg), 81WQ00MQIN  ","25,685",3.7 out of 5 stars
"HP 15s AMD Ryzen 3-5300U 15.6inch(39.6cm) FHD Laptop (8GB RAM/512GB SSD, Micro-Edge, Anti-Glare Display/Radeon Graphics/Windows 11 Home/Alexa/Dual Speakers/Ms Office/1.69Kg, 15s-Eq2143au)  ","37,990",
"HP Victus Gaming Latest 12th Gen Intel Core i7 12650H 15.6 inch(39.6 cm) FHD Gaming Laptop (8GB RAM/512GB SSD/RTX 3050 4GB Graphics/144Hz/9ms Rs Time/Win 11/MSO/BL KB/B&O/Alexa/Xbox Pass),15-fa0073TX  ","79,990",
"Lenovo V15 AMD Ryzen5 5500U 15.6"" (39.62 cm) FHD (1920x1080) Antiglare 250 nits Thin and Light Laptop (8GB RAM/512GB SSD/DOS/Iron Grey/1.7 kg), 82KDA011IH  ","35,990",3.7 out of 5 stars
"ASUS VivoBook 15, Intel Core i3-1115G4 11th Gen, 15.6"" (39.62 cm) FHD, Thin & Light Laptop (8GB/512GB SSD/Integrated Graphics/Windows 11/Office 2021/Black/1.8 kg), X1500EA-EJ322WS  ","37,990",3.3 out of 5 stars
Acer Extensa 15 Lightweight Laptop Intel Core i5 11th Gen Processor - (8 GB/ 512 GB SSD/ Windows 11 Home/ 1.7kg/ Black/ Elevated Hinge Design) EX215-54 with 39.6 cm (15.6 inches) FHD Display  ,"42,990",
"HP 14s, Ryzen 5-5500U 16GB RAM/512GB SSD 14-inches (35.6 cm) FHD, IPS, Micro-Edge Display/AMD Radeon Graphics/Alexa/Win 11/Backlit KB/Dual Speakers/MSO 2021/1.46 Kg, 14s- fy1003AU, Windows 11 Home  ","49,990",
"Lenovo (Renewed) Thinkpad T440-i5-4 GB-500 GB 14-inches Laptop, Intel 4th Gen Core i5/4GB/500GB HDD/Windows 7/Integrated Graphics - Black  ","14,589",
Xiaomi Notebook Pro QHD+IPS AntiGlare Display Intel Core I5-11300H 11th Gen 14 Inch Thin & Light Laptop (16GB/512GB SSD/Iris Xe Graphics/Windows 11 Home/MS Office21/Backlit Keyboard/FP Sensor/1.4 Kg)  ,"56,999",
"Fujitsu CH Intel Evo Core i5 11th Gen 13.3â€ FHD IGZO Panel 400Nits Thin & Light Laptop(16GB/512GB SSD/Windows 11/Office 2021/Iris Xe Graphics/Backlit/2Yr Warranty/Brown/988gm),4ZR1H03553  ","54,990",
"HP 14s, 5th Gen AMD Ryzen 3-8GB RAM/512GB SSD 14 inches(35cm) Laptop, FHD IPS Micro-Edge Display/Backlit Keyboard/Alexa/Windows 11/Fast Charge/Radeon Graphics/1.46Kg/Natural Silver -14s-fq1089AU  ","39,790",
"HP 245 G8 689T3PA Laptop with Ryzen 3 3250U / 8GB Ram/ 512GB SSD/Windows 11 SL/AMD Radeon Vega 8 Mobile Graphics/14.1 inch HD (1366 x 768), SVA, Anti-Glare WLED/Black/1 Year Onsite Warranty  ","28,790",
Xiaomi Notebook Pro QHD+IPS AntiGlare Display Intel Core I5-11300H 11th Gen 14 Inch Thin & Light Laptop (16GB/512GB SSD/Iris Xe Graphics/Windows 11 Home/MS Office21/Backlit Keyboard/FP Sensor/1.4 Kg)  ,"56,999",
Lenovo E41-55 AMD 14-inch (35.56cm) HD Thin and Light Laptop (AMD Athlon Pro 3045B / 8GB RAM/ 1TB HDD/Windows 11 /Integrated AMD Radeon Graphics/Iron Grey/ 1.59 kg)  ,"20,999",3.3 out of 5 stars
"Lenovo IdeaPad Slim 3 Chromebook Intel Celeron N4020 4th Gen 11.6'' (29.46cm) HD Thin & Light Laptop (4GB/64GB eMMC/Chrome OS/Upto 10hr Battery/2W x2 HD Speaker/Onyx Black/1.12Kg), 82BA001PHA  ","15,500",3.3 out of 5 stars
(Renewed) B0BD423QYF - Lenovo K14 Cognizant Standard Laptop - Intel i5-1145G7  ,"45,495",
"HP 247 G8 Laptop Ryzen 3 Quad Core - (8 GB/512 GB SSD/DOS) 796Z3PA (14 inch, Black, 1.47 kg)  ","26,490",
"MSI Titan GT77 HX, Intel 13th Gen. i9-13980HX, 44CM FHD 144Hz Mini LED, HDR 1000 Gaming Laptop (64GB/4TB NVMe SSD/Windows 11 Home/Nvidia GeForce RTX4090, 16GB GDDR6/Core Black/3.3Kg), 13VI-092IN  ","6,23,860",
"Lenovo IdeaPad Slim 5 Intel Core i5 11th Gen 15.6"" (39.62cm) FHD IPS Thin & Light Laptop (16GB/512GB SSD/Windows 11/Office 2021/Backlit/FPR/3months Game Pass/Graphite Grey/1.66Kg), 82FG01B5IN  ","57,990",
"Lenovo ThinkPad E14 Intel Core i5 12th Gen 14"" FHD Thin and Light Laptop (16GB RAM/512GB SSD/Windows 11 Home/MS Office H&S 2021/FPR/Backlit Keyboard/Black/1.59 kg), 21E3S04W00  ","70,990",
"Apple 2023 MacBook Pro Laptop M2 Max chip with 12‑core CPU and 38‑core GPU: 33.74 cm (16.2-inch), 32GB Unified Memory, 1TB SSD Storage. Works with iPhone/iPad; Silver  ","3,45,766",
"Apple 2023 MacBook Pro Laptop M2 Max chip with 12‑core CPU and 38‑core GPU: 33.74 cm (16.2-inch), 32GB Unified Memory, 1TB SSD Storage. Works with iPhone/iPad; Space Grey  ","3,49,900",
"Lenovo IdeaPad Slim 3 Intel Core i3 11th Gen 15.6"" (39.62cm) FHD Laptop (8GB/256GB SSD/Win 11/Office 2021/2 Year Warranty/Alexa Built-in/3 Month Game Pass/Arctic Grey/1.65Kg), 82H802XVIN  ","33,990",
"HP 255 G8 Notebook (AMD Ryzen™ 3 3250U/8GB RAM/512GB SSD/Windows 11 Home /15.6"" Display) 689T4PA  ","30,900",
"ASUS VivoBook 14 (2021), Intel Core i5-1135G7 11th Gen, 14-inch (35.56 cms) FHD Thin and Light Laptop (8GB/512GB SSD/Office 2021/Windows 11/Integrated Graphics/Silver/1.6 Kg), X415EA-EK522WS  ","45,990",3.5 out of 5 stars
"Lenovo IdeaPad Slim 5 Intel Core i5 11th Gen 15.6"" (39.62cm) FHD IPS Thin & Light Laptop (16GB/512GB SSD/Windows 11/Office 2021/Backlit/FPR/3months Game Pass/Graphite Grey/1.66Kg), 82FG01B5IN  ","57,990",
"Lenovo IdeaPad Slim 5 Intel Core i5 11th Gen 15.6"" (39.62cm) FHD IPS Thin & Light Laptop (16GB/512GB SSD/Windows 11/Office 2021/Backlit/FPR/3months Game Pass/Graphite Grey/1.66Kg), 82FG01B5IN  ","57,990",
"Lenovo IdeaPad 3 11th Gen Intel Core i3 15.6"" FHD Thin & Light Laptop(8GB/512GB SSD/Windows 11/Office 2021/2Yr Warranty/3months Xbox Game Pass/Platinum Grey/1.7Kg), 81X800N2IN  ","36,541",
Xiaomi Notebook Pro QHD+IPS AntiGlare Display Intel Core I5-11300H 11th Gen 14 Inch Thin & Light Laptop (16GB/512GB SSD/Iris Xe Graphics/Windows 11 Home/MS Office21/Backlit Keyboard/FP Sensor/1.4 Kg)  ,"56,999",
"Lenovo IdeaPad Gaming 3 Intel Core i5 11th Gen 15.6"" (39.62cm) FHD IPS Gaming Laptop (8GB/512GB SSD/4GB NVIDIA GTX 1650/120Hz/Win 11/Backlit/3months Game Pass/Shadow Black/2.25Kg), 82K10198IN  ","55,937",
"Lenovo IdeaPad Slim 3 Intel Core i3 12th Gen 15.6"" (39.62cm) FHD Thin & Light Laptop (8GB/512GB SSD/Windows 11/Office 2021/2Yr Warranty/3months Game Pass/Arctic Grey/1.63Kg), 82RK006DIN  ","43,990",
"HP Victus Gaming Latest AMD Ryzen 5 5600H Processor 16.1 inch(40.9 cm) FHD Gaming Laptop (8GB RAM/512GB SSD/4GB Radeon RX5500M Graphics/B&O/Backlit KB/Win 11/MS Office/Xbox Game Pass),16-E0162ax  ","55,990",
"ASUS VivoBook 15 (2021), 15.6-inch (39.62 cm) HD, Dual Core Intel Celeron N4020, Thin and Light Laptop (4GB RAM/256GB SSD/Integrated Graphics/Windows 11 Home/Transparent Silver/1.8 Kg), X515MA-BR011W  ","25,990",
"Dell Vostro 3420 Laptop,12th Gen Intel Core i3-1215U, 8GB & 512GB SSD, 14.0"" (35.56Cms) FHD WVA AG 250 nits, Win11+MSO'21, Carbon Black(D552325WIN9BE, 1.48 KGs)  ","42,990",
"(Renewed) HP 14s, 11th Gen Intel Core i3-1115G4, 8GB RAM/256GB SSD 14-inch(35.6 cm) FHD, Micro-Edge, Anti-Glare Display/Alexa Built-in/Win 11/Intel UHD Graphics/Dual Speakers/ MSO 2021/1.41 Kg, 14s-dy2507TU  ","32,285",
"(Renewed) HP Chromebook 11A G6 EE 11.6 inches HD Chromebook (AMD A4-9120C/4GB/16GB eMMC/Chrome OS 64/AMD Radeon R4 Graphics),Delicate Orange - 6QG64PA, 1.27Kg  ","12,999",
Xiaomi Notebook Pro QHD+IPS AntiGlare Display Intel Core I5-11300H 11th Gen 14 Inch Thin & Light Laptop (16GB/512GB SSD/Iris Xe Graphics/Windows 11 Home/MS Office21/Backlit Keyboard/FP Sensor/1.4 Kg)  ,"56,999",
"Fujitsu CH Intel Evo Core i5 11th Gen 13.3â€ FHD IGZO Panel 400Nits Thin & Light Laptop(16GB/512GB SSD/Windows 11/Office 2021/Iris Xe Graphics/Backlit/2Yr Warranty/Brown/988gm),4ZR1H03553  ","54,990",
"(Renewed) DELL LATITUDE E7280 Lightweight (Core i5 6200U/ 8 GB RAM/ 512 GB SSD/ 12.5 Inches, Air Laptop (Ultra Slim & Feather Light 1KG) Notebook Computer) 1 Year Warranty  ",,
"ASUS Vivobook 16X, AMD Ryzen 5 5600H, 16"" (40.64 cms) FHD+, Thin and Light Laptop (16GB/512 SSD/Windows 11/Office 2021/Backlit KB/FP Sensor/Blue/1.88 kg), M1603QA-MB511WS  ","54,990",
"HP 15s, Ryzen 5-5500U, 16GB RAM/512GB SSD 15.6-inches(39.6 cm) FHD, Micro-Edge, Anti-Glare Display/Alexa Built-in/Windows 11 /AMD Radeon Graphics/Dual Speakers/MS Office 2021/1.69 Kg, 15s-eq2182AU  ","50,990",
Lenovo V15 Intel Celeron N4020 15.6 inches HD Laptop (4GB/256GB SSD/Windows 11/Ms-Office/Platinum Grey/1.7Kg)  ,"22,999",
"Lenovo E41-55 AMD 14-inch HD 220 Nits Antiglare Thin and Light Laptop (AMD Athlon A3050U/4GB RAM/256GB SSD/Windows 10 Home/Integrated AMD Graphics/Grey/1 Year Onsite/1.59 kg), 82FJ00BLIH  ","20,990",
"Apple 2022 MacBook Air Laptop with M2 chip: 34.46 cm (13.6-inch) Liquid Retina Display, 8GB RAM, 256GB SSD Storage, Backlit Keyboard, 1080p FaceTime HD Camera. Works with iPhone/iPad; Silver  ","1,19,900",
"ASUS VivoBook 14 (2021), Intel Core i5-1035G1 10th Gen, 14-inch (35.56 cms) FHD Thin and Light Laptop (8GB/512GB SSD/Office 2021/Windows 11/Integrated Graphics/Silver/1.6 Kg), X415JA-EB521WS  ","42,990",
"(Renewed) DELL Latitude 5490 Core i5 8th Gen Laptop, 16 GB RAM, 512GB SSD, Intel HD Graphics, 14 inch (36.83 cms) HD Screen, Windows 11 (Upgraded), MS Office, Black, Slim  ","26,640",
"Lenovo IdeaPad Slim 5 Intel Core i5 11th Gen 15.6"" (39.62cm) FHD IPS Thin & Light Laptop (16GB/512GB SSD/Windows 11/Office 2021/Backlit/FPR/3months Game Pass/Graphite Grey/1.66Kg), 82FG01B5IN  ","57,990",
"Lenovo ThinkBook 15 AMD Ryzen 5 5500U 15.6"" (39.62cm) FHD 220 nits Antiglare Thin and Light Laptop (8GB/512GB SSD/Windows 11/MS Office/Mineral Grey/1.7 Kg), 21A4A09UIH  ","45,540",
"Apple 2023 MacBook Pro Laptop M2 Max chip with 12‑core CPU and 38‑core GPU: 33.74 cm (16.2-inch), 32GB Unified Memory, 1TB SSD Storage. Works with iPhone/iPad; Silver  ","3,45,766",
"Apple 2023 MacBook Pro Laptop M2 Max chip with 12‑core CPU and 38‑core GPU: 33.74 cm (16.2-inch), 32GB Unified Memory, 1TB SSD Storage. Works with iPhone/iPad; Space Grey  ","3,49,900",
Lenovo E41-55 Laptop ( AMD Athlon Pro 3045B/ 4GB RAM/ 1TB HDD/ Windows 11 Home / AMD Radeon Graphics/ 14 Inches/ 1 Year Warranty) Black  ,"19,999",
(Renewed) HP ELITEBOOK 840 G5 (Core i7 8th GEN/ 8GB/ 512GB SSD/ WEBCAM/ 14'' NON TOUCH/ WIN 10 PRO) 1 Year Warranty  ,"31,490",
"(Renewed) Lenovo E41-80 6th Gen Intel Core i5 Thin & Light HD Laptop (8 GB RAM/500 GB HDD/14"" (35.6 cm) HD/Windows 11/MS Office/WiFi/Bluetooth 4.1/Webcam/Integrated Graphics)  ","17,999",
"Lenovo IdeaPad Slim 5 Intel Core i5 11th Gen 15.6"" (39.62cm) FHD IPS Thin & Light Laptop (16GB/512GB SSD/Windows 11/Office 2021/Backlit/FPR/3months Game Pass/Graphite Grey/1.66Kg), 82FG01B5IN  ","57,990",
"Lenovo IdeaPad Slim 5 Intel Core i5 11th Gen 15.6"" (39.62cm) FHD IPS Thin & Light Laptop (16GB/512GB SSD/Windows 11/Office 2021/Backlit/FPR/3months Game Pass/Graphite Grey/1.66Kg), 82FG01B5IN  ","57,990",
"Lenovo IdeaPad Slim 3 Intel Core i3-1115G4 11th Gen 15.6"" (39.62cm) FHD Laptop (8GB/256GB SSD/Win 11/Office 2021/2 Year Warranty/3 Month Game Pass/Platinum Grey/1.7Kg), 81X800LCIN  ","33,639",
Xiaomi Notebook Pro QHD+IPS AntiGlare Display Intel Core I5-11300H 11th Gen 14 Inch Thin & Light Laptop (16GB/512GB SSD/Iris Xe Graphics/Windows 11 Home/MS Office21/Backlit Keyboard/FP Sensor/1.4 Kg)  ,"56,999",
"Lenovo IdeaPad Gaming 3 Intel Core i5 11th Gen 15.6"" (39.62cm) FHD IPS Gaming Laptop (8GB/512GB SSD/4GB NVIDIA GTX 1650/120Hz/Win 11/Backlit/3months Game Pass/Shadow Black/2.25Kg), 82K10198IN  ","55,937",
"Lenovo IdeaPad Slim 3 Intel Core i3 12th Gen 15.6"" (39.62cm) FHD Thin & Light Laptop (8GB/512GB SSD/Windows 11/Office 2021/2Yr Warranty/3months Game Pass/Arctic Grey/1.63Kg), 82RK006DIN  ","43,990",
"(Renewed) DELL Latitude 5490 Core i5 7th Gen Laptop, 16 GB RAM, 512GB SSD, Intel HD Graphics, 14 inch (36.83 cms) HD Screen, Windows 11 (Upgraded), MS Office, Black, Slim  ","24,804",
"ASUS Vivobook 15 OLED (2023), AMD Ryzen 5 7530U, 15.6"" (39.62 cm) FHD OLED, Thin and Light Laptop (16GB/512GB SSD/Windows 11/Office 2021/Backlit KB/FP Sensor/Black/1.7 Kg), M1505YA-LK541WS  ","65,990",
"Lenovo E41-55 AMD 14-inch HD 220 Nits Antiglare Thin and Light Laptop (AMD Athlon A3050U/4GB RAM/256GB SSD/Windows 10 Home/Integrated AMD Graphics/Grey/1 Year Onsite/1.59 kg), 82FJ00BLIH  ","20,990",
"Dell XPS 9315 2in1 Laptop, i5-1230U, 16GB LP DDR4, 512GB SSD, Integrated, 13.0"" (33.02Cms) 3K AR+AS Gorilla Glass 500 nits Touch, XPS Stylus, Win 11+ MSO'21, Sky (D560076WIN9S, 1.12Kgs)  ","1,58,900",
"HP 255 G8 Notebook (AMD Ryzen™ 3 3250U/8GB RAM/512GB SSD/Windows 11 Home /15.6"" Display) 689T4PA  ","30,900",
Xiaomi Notebook Pro QHD+IPS AntiGlare Display Intel Core I5-11300H 11th Gen 14 Inch Thin & Light Laptop (16GB/512GB SSD/Iris Xe Graphics/Windows 11 Home/MS Office21/Backlit Keyboard/FP Sensor/1.4 Kg)  ,"56,999",
"Fujitsu CH Intel Evo Core i5 11th Gen 13.3â€ FHD IGZO Panel 400Nits Thin & Light Laptop(16GB/512GB SSD/Windows 11/Office 2021/Iris Xe Graphics/Backlit/2Yr Warranty/Brown/988gm),4ZR1H03553  ","54,990",
"HP 15s, 12th Gen Intel Core i5 16GB RAM/512GB SSD 15.6-inch(39.6 cm) Micro-Edge Anti-Glare FHD Laptop/Win 11/Intel Iris Xe Graphics/Dual Speakers/Alexa/Backlit KB/MSO/Fast Charge, 15s- fq5112TU  ","62,940",
"Lenovo IdeaPad D330 Intel Celeron N4020 10.1"" (25cm) HD IPS Detachable 2-in-1 Laptop (4GB/128GB eMMC/Windows 10/1 Yr Warranty/Mineral Grey/1.1Kg), 82H0001YIN  ","20,990",
"ASUS Vivobook 16X, AMD Ryzen 5 5600H, 16"" (40.64 cms) FHD+, Thin and Light Laptop (16GB/512 SSD/Windows 11/Office 2021/Backlit KB/FP Sensor/Blue/1.88 kg), M1603QA-MB511WS  ","54,990",
"Dell (Renewed) Latitude Intel E5440-i3-4 GB SSD-240 GB SSD 14-inches Laptop, 4th Gen Core i3/4GB/240GB SSD/Windows 7/Integrated Graphics, Grey  ","15,037",
"(Renewed) HP Chromebook C640 10th Gen Intel Core i5 Thin & Light FHD Laptop (8 GB DDR4 RAM/64 GB eMMC SSD/14"" (35.6 cm) FHD/Chrome OS/WiFi/Bluetooth/Webcam/Intel Graphics)  ","19,999",3.3 out of 5 stars
"(Renewed) Lenovo IdeaPad Slim 3 Intel Core i5 11th Gen 15.6 inches (39.62cm) FHD Thin & Light Business Laptop (8GB/512GB SSD/Windows 11/MS Office/Backlit Keyboard/Arctic Grey/1.65Kg), 82H802KVIN  ","39,504",
"ASUS TUF Gaming A15, 15.6-inch (39.62 cms) FHD 144Hz, AMD Ryzen 5 4600H, 4GB NVIDIA GeForce GTX 1650, Gaming Laptop (8GB/512GB SSD/Windows 11/Black/2.3 Kg), FA506IHRZ-HN111W  ","59,990",
"Lenovo IdeaPad Slim 3 Intel Core i5 11th Gen 15.6 inches (39.62cm) FHD Thin & Light Business Laptop (8GB/512GB SSD/Windows 11/MS Office/Backlit Keyboard/Arctic Grey/1.65Kg), 82H802XTIN  ","51,017",
"Lenovo IdeaPad Slim 3 Intel Core i3-1115G4 11th Gen 15.6"" (39.62cm) FHD Laptop (8GB/256GB SSD/Win 11/Office 2021/2 Year Warranty/3 Month Game Pass/Platinum Grey/1.7Kg), 81X800LCIN  ","33,639",
"Lenovo IdeaPad Slim 5 Intel Core i5 11th Gen 15.6"" (39.62cm) FHD IPS Thin & Light Laptop (16GB/512GB SSD/Windows 11/Office 2021/Backlit/FPR/3months Game Pass/Graphite Grey/1.66Kg), 82FG01B5IN  ","57,990",
"Apple 2023 MacBook Pro Laptop M2 Max chip with 12‑core CPU and 38‑core GPU: 33.74 cm (16.2-inch), 32GB Unified Memory, 1TB SSD Storage. Works with iPhone/iPad; Silver  ","3,45,766",
"Apple 2023 MacBook Pro Laptop M2 Max chip with 12‑core CPU and 38‑core GPU: 33.74 cm (16.2-inch), 32GB Unified Memory, 1TB SSD Storage. Works with iPhone/iPad; Space Grey  ","3,49,900",
"HP 15s-11th Gen Intel Core i3 15.6 Laptop (8GB RAM/512GB SSD, FHD, Micro-Edge, Anti-Glare Display UHD Graphics/Alexa/Windows 11/ Dual Speakers/Fast Charge/Win 11/Backlit/MS Office) 15s- fr2512TU  ","41,490",
"Apple 2022 MacBook Air Laptop with M2 chip: 34.46 cm (13.6-inch) Liquid Retina Display, 8GB RAM, 512GB SSD Storage, Backlit Keyboard, 1080p FaceTime HD Camera. Works with iPhone/iPad; Starlight  ","1,49,900",
"ASUS Vivobook 16X, AMD Ryzen 5 5600H, 16"" (40.64 cms) FHD+, Thin and Light Laptop (16GB/512 SSD/Windows 11/Office 2021/Backlit KB/FP Sensor/Blue/1.88 kg), M1603QA-MB511WS  ","54,990",
"ASUS Vivobook 16X (2022), 16.0-inch (40.64 cms) FHD+ 16:10, AMD Ryzen 5 5600H, Thin and Laptop (8GB/512GB SSD/Integrated Graphics/Windows 11/Office 2021/Silver/1.80 kg), M1603QA-MB501WS  ","50,490",
"(Renewed) HP Pavilion 15 12th Gen Intel Core i5 16GB SDRAM/512GB SSD 15.6 inch(39.6cm) FHD,IPS,Anti-Glare,Eyesafe Display/Alexa/Backlit KB/FPR/MSO 2021/1.75Kg, 15-EG2035TU, Fog Blue  ","65,999",
"(Renewed) HP Chromebook C640 10th Gen Intel Core i5 Thin & Light FHD Laptop (8 GB DDR4 RAM/64 GB eMMC SSD/14"" (35.6 cm) FHD/Chrome OS/WiFi/Bluetooth/Webcam/Intel Graphics)  ","19,999",3.3 out of 5 stars
"ASUS Vivobook 14, Intel Core i3-1115G4 11th Gen, 14"" (35.56 cm) FHD, Thin and Light Laptop (8GB/512GB SSD/Office 2021/Windows 11 Home/Integrated Graphics/Fingerprint/Silver/1.6 kg), X415EA-EB322WS  ","38,990",
"Dell XPS 9315 2in1 Laptop, i5-1230U, 16GB LP DDR4, 512GB SSD, Integrated, 13.0"" (33.02Cms) 3K AR+AS Gorilla Glass 500 nits Touch, XPS Stylus, Win 11+ MSO'21, Sky (D560076WIN9S, 1.12Kgs)  ","1,58,900",
Xiaomi Notebook Pro QHD+IPS AntiGlare Display Intel Core I5-11300H 11th Gen 14 Inch Thin & Light Laptop (16GB/512GB SSD/Iris Xe Graphics/Windows 11 Home/MS Office21/Backlit Keyboard/FP Sensor/1.4 Kg)  ,"56,999",
"Fujitsu CH Intel Evo Core i5 11th Gen 13.3â€ FHD IGZO Panel 400Nits Thin & Light Laptop(16GB/512GB SSD/Windows 11/Office 2021/Iris Xe Graphics/Backlit/2Yr Warranty/Brown/988gm),4ZR1H03553  ","54,990",
Acer Aspire 3 AMD A3020e Dual Core Processor (4GB RAM/256GB SSD/Windows 11 Home/AMD Radeon Graphics/Black/1.9 Kg) A314-22 with 14 inches (35.5 cm) HD Laptop  ,"22,900",
"Lenovo IdeaPad Slim 3 Chromebook Intel Celeron N4020 4th Gen 11.6'' (29.46cm) HD Thin & Light Laptop (4GB/64GB eMMC/Chrome OS/Upto 10hr Battery/2W x2 HD Speaker/Onyx Black/1.12Kg), 82BA001PHA  ","15,500",3.3 out of 5 stars
"(Renewed) Dell Latitude Air Laptop E7280 Intel Core i5 - 6300u Processor 6th Gen, Windows 10 Pro, 4 GB Ram & 512 GB SSD, 12.5 Inches[31 cm] (Ultra Slim & Feather Light 1KG) Notebook Computer  ","16,281",3.6 out of 5 stars
"(Renewed) DELL Latitude 5490 Core i5 7th Gen Laptop, 16 GB RAM, 512GB SSD, Intel HD Graphics, 14 inch (36.83 cms) HD Screen, Windows 11 (Upgraded), MS Office, Black, Slim  ","24,804",
"HP 15s, AMD Ryzen 3 5300U, 15.6 inch(39.6cm) FHD Anti-Glare Laptop(8GB RAM/512 GB SSD/AMD Radeon Graphics/Win 11/MSO/Backlit Keyboard/Dual Speakers) 15s- eq2213AU  ","39,990",
"Lenovo E41-55 AMD 14-inch HD 220 Nits Antiglare Thin and Light Laptop (AMD Athlon A3050U/4GB RAM/256GB SSD/Windows 10 Home/Integrated AMD Graphics/Grey/1 Year Onsite/1.59 kg), 82FJ00BLIH  ","20,990",
"Lenovo V15 AMD Ryzen5 5500U 15.6"" (39.62 cm) FHD (1920x1080) Antiglare 250 nits Thin and Light Laptop (8GB RAM/512GB SSD/DOS/Iron Grey/1.7 kg), 82KDA011IH  ","35,990",3.7 out of 5 stars
Acer Extensa 15 AMD Ryzen 3 7320U Quad-Core Processor (8 GB/512 GB SSD/Windows 11 Home/AMD Radeon Graphics/1.78 KG/Steel Gray) EX215-23 Full HD Display Laptop  ,"36,990",
"Lenovo IdeaPad Slim 5 Intel Core i5 11th Gen 15.6"" (39.62cm) FHD IPS Thin & Light Laptop (16GB/512GB SSD/Windows 11/Office 2021/Backlit/FPR/3months Game Pass/Graphite Grey/1.66Kg), 82FG01B5IN  ","57,990",
"Lenovo IdeaPad Slim 3 Intel Core i3-1115G4 11th Gen 15.6"" (39.62cm) FHD Laptop (8GB/256GB SSD/Win 11/Office 2021/2 Year Warranty/3 Month Game Pass/Platinum Grey/1.7Kg), 81X800LCIN  ","33,639",
"Apple 2023 MacBook Pro Laptop M2 Max chip with 12‑core CPU and 38‑core GPU: 33.74 cm (16.2-inch), 32GB Unified Memory, 1TB SSD Storage. Works with iPhone/iPad; Silver  ","3,45,766",
"Apple 2023 MacBook Pro Laptop M2 Max chip with 12‑core CPU and 38‑core GPU: 33.74 cm (16.2-inch), 32GB Unified Memory, 1TB SSD Storage. Works with iPhone/iPad; Space Grey  ","3,49,900",
"Lenovo V15 Intel Core i3 11th Gen 1115G4 15.6"" (39.62 cm) FHD(1920x1080) Thin and Light Laptop (8GB DDR4 RAM/256GB SSD/Windows 11 Home/Iron Grey/1 Year Onsite Warranty/1.7 kg)  ","33,999",3.3 out of 5 stars
"(Renewed) HP Chromebook 13 G1 6th Gen Intel Core m7 Thin & Light FHD Laptop (16 GB RAM/32 GB eMMC Storage/13.3"" (33.8 cm) FHD/Chrome OS/WiFi/Bluetooth/Webcam/Intel Graphics)  ","17,999",
"(Renewed) ASUS TUF Gaming A15, 15.6-inch (39.62 cms) FHD 144Hz, AMD Ryzen 7 4800H, 4GB NVIDIA GeForce RTX 3050, Gaming Laptop (8GB/512GB SSD/Windows 11/Black/2.3 Kg), FA506ICB-HN005W  ","61,990",
"Lenovo IdeaPad Slim 5 Intel Core i5 11th Gen 15.6"" (39.62cm) FHD IPS Thin & Light Laptop (16GB/512GB SSD/Windows 11/Office 2021/Backlit/FPR/3months Game Pass/Graphite Grey/1.66Kg), 82FG01B5IN  ","57,990",
"Lenovo IdeaPad Slim 5 Intel Core i5 11th Gen 15.6"" (39.62cm) FHD IPS Thin & Light Laptop (16GB/512GB SSD/Windows 11/Office 2021/Backlit/FPR/3months Game Pass/Graphite Grey/1.66Kg), 82FG01B5IN  ","57,990",
"Lenovo IdeaPad Slim 3 Intel Core i3-1115G4 11th Gen 15.6"" (39.62cm) FHD Laptop (8GB/256GB SSD/Win 11/Office 2021/2 Year Warranty/3 Month Game Pass/Platinum Grey/1.7Kg), 81X800LCIN  ","33,639",
Xiaomi Notebook Pro QHD+IPS AntiGlare Display Intel Core I5-11300H 11th Gen 14 Inch Thin & Light Laptop (16GB/512GB SSD/Iris Xe Graphics/Windows 11 Home/MS Office21/Backlit Keyboard/FP Sensor/1.4 Kg)  ,"56,999",
"Lenovo IdeaPad Gaming 3 Intel Core i5 11th Gen 15.6"" (39.62cm) FHD IPS Gaming Laptop (8GB/512GB SSD/4GB NVIDIA GTX 1650/120Hz/Win 11/Backlit/3months Game Pass/Shadow Black/2.25Kg), 82K10198IN  ","55,937",
"Lenovo IdeaPad Slim 3 Intel Core i3 12th Gen 15.6"" (39.62cm) FHD Thin & Light Laptop (8GB/512GB SSD/Windows 11/Office 2021/2Yr Warranty/3months Game Pass/Arctic Grey/1.63Kg), 82RK006DIN  ","43,990",
(Renewed) Lenovo ThinkPad 14 inch (35.56 cm) HD Laptop (i3 6th Gen/8 GB DDR4 RAM/256 GB SSD/Wifi/Bluetooth 4.0/Windows 10 Pro/USB 3.0/MS Office/Webcam/Integrated Graphics/Thin and Light Laptop)  ,"19,285",
"HP 14s, AMD Athlon Silver 3050U, 8GB RAM/256GB SSD 14-inch(35.6 cm) HD,Micro-Edge Display/Win 11/AMD Radeon Graphics/Dual Speakers/MSO 2021/Fast Charge/1.41 Kg, 14s-fq0568AU  ","25,190",3.4 out of 5 stars
"Acer Aspire 3 Thin and Light Laptop Intel Core i5 12th Generation (8GB/512 GB SSD/Windows 11 Home/MS Office/1.7 Kg/Silver) A315-59 with 15.6""(39.6 cms) Full HD Display,Flat Rs: 2000 of All Bank Cards  ","52,990",
"HP Victus AMD Ryzen 7-5800H 15.6 inch(39.6 cm) FHD Gaming Laptop (16GB RAM/512GB SSD/RTX 3050 4GB Graphics/144Hz/9ms Response Time/Win 11/MSO/Backlit KB/B&O Audio/Xbox Pass(30 Day)),15-fb0053AX  ","82,990",
"HP Victus AMD Ryzen 7 5800H 16.1 inch(40.9 cm) FHD Gaming Laptop (8GB RAM/512GB SSD/4GB Radeon RX 5500M Graphics/144Hz/Win 11/MSO/Backlit Keyboard/B&O Audio/XBOX Game Pass(30 day)/2.48 Kg), 16-e0550AX  ","62,990",3.5 out of 5 stars
Xiaomi Notebook Pro QHD+IPS AntiGlare Display Intel Core I5-11300H 11th Gen 14 Inch Thin & Light Laptop (16GB/512GB SSD/Iris Xe Graphics/Windows 11 Home/MS Office21/Backlit Keyboard/FP Sensor/1.4 Kg)  ,"56,999",
"Fujitsu CH Intel Evo Core i5 11th Gen 13.3â€ FHD IGZO Panel 400Nits Thin & Light Laptop(16GB/512GB SSD/Windows 11/Office 2021/Iris Xe Graphics/Backlit/2Yr Warranty/Brown/988gm),4ZR1H03553  ","54,990",
"Apple 2023 MacBook Pro Laptop M2 Max chip with 12‑core CPU and 30‑core GPU: 33.74 cm (14.2-inch), 32GB Unified Memory, 1TB SSD Storage. Works with iPhone/iPad; Silver  ","3,09,900",
"MSI Creator Z16P, Intel 12th Gen. i7-12700H, 40CM QHD+ 165Hz Creator Laptop (32GB/1TB NVMe SSD/ Windows 11 Pro/Nvidia RTX A3000 12GB GDDR6/Lunar Grey/2.39Kg), B12UKST-210IN  ","3,35,990",
"HP 15s, 12th Gen Intel Core i5 16GB RAM/512GB SSD 15.6-inch(39.6 cm) Micro-Edge Anti-Glare FHD Laptop/Win 11/Intel Iris Xe Graphics/Dual Speakers/Alexa/Backlit KB/MSO/Fast Charge, 15s- fq5112TU  ","62,940",
"Lenovo V15 Laptop AMD Ryzen 5 5500U,8 GB DDR4 RAM,512 GB SSD PCIe,AMD Radeon™ Graphics,,15.6"" FHD Display,Windows 11 with Ms-Office Lifetime Validity,Silver Grey, 1 Year Warranty  ","39,999",
"HP Pavilion Laptop 15,12th Gen Intel Core i5-1240P 15.6 inch(49.6cm) FHD IPS Laptop(16GB RAM/512GB SSD/Intel Iris Xe Graphics/Win 11/MSO 2021/Backlit/Flicker Free/B&O/Alexa) 15-eg2091TU  ","72,800",
"Lenovo V14-IGL Intel Celeron N4020 4M Cache/ up to 2.80 GHz Laptop with 4 GB Ram/ 256 SSD/ Windows 11/MS-Office with Lifetime Validity/14"" HD Display/ 1 Year Onsite Warranty  ","24,999",
"(Renewed) HP Ultra Beautiful Laptop 348G4 Intel Core i5 Mobile-7th Gen -Processor, 16 GB Ram & 512 GB SSD, 14Inches Screen Notebook Computer  ","22,990",
"Lenovo ThinkPad E15 Intel Core i5 12th Gen 15.6"" FHD Thin and Light Laptop (8GB RAM/512GB SSD/DOS/FPR/Black/1.7 kg), 21E6S05G00  ","65,599",
"Lenovo IdeaPad Slim 5 Intel Core i5 11th Gen 15.6"" (39.62cm) FHD IPS Thin & Light Laptop (16GB/512GB SSD/Windows 11/Office 2021/Backlit/FPR/3months Game Pass/Graphite Grey/1.66Kg), 82FG01B5IN  ","57,990",
"Lenovo IdeaPad Slim 3 Intel Core i3-1115G4 11th Gen 15.6"" (39.62cm) FHD Laptop (8GB/256GB SSD/Win 11/Office 2021/2 Year Warranty/3 Month Game Pass/Platinum Grey/1.7Kg), 81X800LCIN  ","33,639",
"Fujitsu CH Intel Evo Core i5 11th Gen 13.3â€ FHD IGZO Panel 400Nits Thin & Light Laptop(16GB/512GB SSD/Windows 11/Office 2021/Iris Xe Graphics/Backlit/2Yr Warranty/Brown/988gm),4ZR1H03553  ","54,990",
"Apple 2023 MacBook Pro Laptop M2 Max chip with 12‑core CPU and 38‑core GPU: 33.74 cm (16.2-inch), 32GB Unified Memory, 1TB SSD Storage. Works with iPhone/iPad; Silver  ","3,45,766",
"(Renewed) HP Ultra Beautiful Laptop 348G4 Intel Core i5 Mobile-7th Gen -Processor, 16 GB Ram & 512 GB SSD, 14Inches Screen Notebook Computer  ","22,990",
"Lenovo ThinkPad E15 Intel Core i5 12th Gen 15.6"" FHD Thin and Light Laptop (8GB RAM/512GB SSD/DOS/FPR/Black/1.7 kg), 21E6S05G00  ","65,599",
"ASUS Vivobook Pro 16, Intel Core i9 11th Gen, 16"" (40.64 cm) FHD+ 120Hz, Thin & Light Laptop (16GB/512GB SSD/4GB RTX 3050/Win 11/Office 2021/Alexa/Backlit KB/FP Sensor/Blue/1.9 kg), K6602HC-N1901WS  ","89,300",3.5 out of 5 stars
"Lenovo IdeaPad Slim 5 Intel Core i5 11th Gen 15.6"" (39.62cm) FHD IPS Thin & Light Laptop (16GB/512GB SSD/Windows 11/Office 2021/Backlit/FPR/3months Game Pass/Graphite Grey/1.66Kg), 82FG01B5IN  ","57,990",
"Lenovo IdeaPad Slim 5 Intel Core i5 11th Gen 15.6"" (39.62cm) FHD IPS Thin & Light Laptop (16GB/512GB SSD/Windows 11/Office 2021/Backlit/FPR/3months Game Pass/Graphite Grey/1.66Kg), 82FG01B5IN  ","57,990",
"Lenovo IdeaPad Slim 3 Intel Core i3-1115G4 11th Gen 15.6"" (39.62cm) FHD Laptop (8GB/256GB SSD/Win 11/Office 2021/2 Year Warranty/3 Month Game Pass/Platinum Grey/1.7Kg), 81X800LCIN  ","33,639",
Xiaomi Notebook Pro QHD+IPS AntiGlare Display Intel Core I5-11300H 11th Gen 14 Inch Thin & Light Laptop (16GB/512GB SSD/Iris Xe Graphics/Windows 11 Home/MS Office21/Backlit Keyboard/FP Sensor/1.4 Kg)  ,"56,999",
"Lenovo IdeaPad Gaming 3 Intel Core i5 11th Gen 15.6"" (39.62cm) FHD IPS Gaming Laptop (8GB/512GB SSD/4GB NVIDIA GTX 1650/120Hz/Win 11/Backlit/3months Game Pass/Shadow Black/2.25Kg), 82K10198IN  ","55,937",
"Lenovo IdeaPad Slim 3 Intel Core i3 12th Gen 15.6"" (39.62cm) FHD Thin & Light Laptop (8GB/512GB SSD/Windows 11/Office 2021/2Yr Warranty/3months Game Pass/Arctic Grey/1.63Kg), 82RK006DIN  ","43,990",
"Lenovo IdeaPad Slim 3 Intel Core i3 12th Gen 15.6"" (39.62cm) FHD Thin & Light Laptop (8GB/512GB SSD/Windows 11/Office 2021/2Yr Warranty/3months Game Pass/Arctic Grey/1.63Kg), 82RK006DIN  ","43,990",
Acer Extensa 15 AMD Ryzen 3 7320U Quad-Core Processor (8 GB/512 GB SSD/Windows 11 Home/AMD Radeon Graphics/1.78 KG/Steel Gray) EX215-23 Full HD Display Laptop  ,"36,990",
"Lenovo ThinkBook 15 G3 Ryzen 3 15.6"" FHD Thin and Light Laptop (8GB RAM/512GB SSD/Windows 11 Home/Fingerprint Reader/Mineral Grey/1.7 kg), 21A4A08WIH  ","35,990",
"Lenovo IdeaPad Gaming 3 Intel Core i5 11th Gen 15.6""(39.62cm) FHD IPS Gaming Laptop (8GB/512GB SDD/4GB NVIDIA RTX 3050/120Hz/Win11/Office 2021/Backlit/3months Game Pass/Shadow Black/2.25Kg),82K101EEIN  ","60,990",
"(Renewed) Lenovo Thinkpad X260 Intel Core i5 6th Gen 12.5 inches Laptop (8GB/240GB SSD/Windows 10/MS Office Pro 2019/Integrated Graphics), Black, 1.4 kg  ","16,015",
Xiaomi Notebook Pro QHD+IPS AntiGlare Display Intel Core I5-11300H 11th Gen 14 Inch Thin & Light Laptop (16GB/512GB SSD/Iris Xe Graphics/Windows 11 Home/MS Office21/Backlit Keyboard/FP Sensor/1.4 Kg)  ,"56,999",
"Apple 2023 MacBook Pro Laptop M2 Max chip with 12‑core CPU and 38‑core GPU: 33.74 cm (16.2-inch), 32GB Unified Memory, 1TB SSD Storage. Works with iPhone/iPad; Space Grey  ","3,49,900",
"Microsoft Surface GO 3 Black Intel Pentium T6600 Processor 10.5 inches (26cm) Business Laptop (8GB/128GB SSD/Windows 11 Home), Black, 8VA-00028, 0.544 kg  ","56,990",
(Renewed) Dell E7440 Latitude (4th Gen Intel Core i5 - 4300u /8 GB/1000 GB HDD/Widnows 10 Pro/Silver /14 Inch Screen)  ,"18,644",
"(Renewed) DELL Vostro 3400 Core i3 11th gen Laptop, 8 GB RAM, 256GB SSD, Intel HD Graphics, 14 inch HD Screen, Windows 11 (Upgraded), MS Office, Grey, Slim  ","25,999",
"HP 240 G8 (4K5D5PA) Laptop (Intel Core I3/ 11th Gen/ 8GB RAM/ 512GB SSD/ DOS/ 35.6 cm (14"") Diagonal, HD (1366 x 768), Micro-Edge, Anti-Glare, 250 nits, 45% NTSC/ 1 Year Warranty)  ","38,614",
(Renewed) Lenovo ThinkPad X260 High Performance 12.5 inch IPS Panel 1.5kg Laptop (Core i5 6300U/8 GB DDR4 RAM/256 GB SSD/Windows 10 Pro/Office 2019/Webcam/USB 3.0/SIM/BT/Integrated Graphics)  ,"16,655",3.6 out of 5 stars
(Renewed) DELL LATITUDE 7390 (Core i5 8th GEN /8GB RAM/ 256GB SSD/ WEBCAM/ 13.3'' TOUCH/ WIN-10 PRO) 1 Year Warranty  ,"23,990",
"Lenovo IdeaPad Slim 3 Intel Core i5 11th Gen 15.6"" (39.62cm) FHD Laptop (16GB/512GB SSD/Win 11/Office 2021/2 Years Warranty/Alexa Built-in/3 Month Game Pass/Arctic Grey/1.65Kg), 82H802XXIN  ","56,990",
"(Renewed) Lenovo 100E 2ND Gen Notebook Laptop, 11.6"" HD (1366 X 768) Display, Intel Celeron N4000 Dual-core (2 Core) 1.10 GHz - 4 GB RAM - 64 GB Flash Memory, Windows 10 Pro (slim & lightweight)  ","11,999",
"Lenovo V15 AMD Ryzen5 5500U 15.6"" (39.62 cm) FHD (1920x1080) Antiglare 250 nits Thin and Light Laptop (8GB RAM/512GB SSD/DOS/Iron Grey/1.7 kg), 82KDA011IH  ","35,990",3.7 out of 5 stars
"Lenovo IdeaPad Slim 5 Intel Core i5 11th Gen 15.6"" (39.62cm) FHD IPS Thin & Light Laptop (16GB/512GB SSD/Windows 11/Office 2021/Backlit/FPR/3months Game Pass/Graphite Grey/1.66Kg), 82FG01B5IN  ","57,990",
"Fujitsu CH Intel Evo Core i5 11th Gen 13.3â€ FHD IGZO Panel 400Nits Thin & Light Laptop(16GB/512GB SSD/Windows 11/Office 2021/Iris Xe Graphics/Backlit/2Yr Warranty/Brown/988gm),4ZR1H03553  ","54,990",
"Apple 2023 MacBook Pro Laptop M2 Max chip with 12‑core CPU and 38‑core GPU: 33.74 cm (16.2-inch), 32GB Unified Memory, 1TB SSD Storage. Works with iPhone/iPad; Silver  ","3,45,766",
"HP Pavilion Plus, 12th Gen Intel Core i7 16GB RAM/1TB SSD 14 inch(35.6 cm)Creator Laptop with OLED,UWVA,Eye Safe Laptop/Intel Iris Xe Graphics/Backlit KB/B&O/FPR/Win 11/Alexa Built-in/MSO,14-eh0024TU  ","93,990",
"(Renewed) Lenovo Thinkpad L450 5th Gen Intel Core i5 HD Laptop (16 GB RAM/512 GB SSD/14"" (35.6 cm)/Windows 10 Pro/MS Office/WiFi/Bluetooth 4.0/Webcam/Intel HD Graphics)  ","19,724",3.3 out of 5 stars
"(Renewed) ASUS TUF Gaming A15, 15.6-inch (39.62 cms) FHD 144Hz, AMD Ryzen 7 4800H, 4GB NVIDIA GeForce RTX 3050, Gaming Laptop (8GB/512GB SSD/Windows 11/Black/2.3 Kg), FA506ICB-HN005W  ","61,990",
"Lenovo IdeaPad Slim 5 Intel Core i5 11th Gen 15.6"" (39.62cm) FHD IPS Thin & Light Laptop (16GB/512GB SSD/Windows 11/Office 2021/Backlit/FPR/3months Game Pass/Graphite Grey/1.66Kg), 82FG01B5IN  ","57,990",
"Lenovo IdeaPad Slim 5 Intel Core i5 11th Gen 15.6"" (39.62cm) FHD IPS Thin & Light Laptop (16GB/512GB SSD/Windows 11/Office 2021/Backlit/FPR/3months Game Pass/Graphite Grey/1.66Kg), 82FG01B5IN  ","57,990",
"Lenovo IdeaPad Slim 3 Intel Core i3-1115G4 11th Gen 15.6"" (39.62cm) FHD Laptop (8GB/256GB SSD/Win 11/Office 2021/2 Year Warranty/3 Month Game Pass/Platinum Grey/1.7Kg), 81X800LCIN  ","33,639",
Xiaomi Notebook Pro QHD+IPS AntiGlare Display Intel Core I5-11300H 11th Gen 14 Inch Thin & Light Laptop (16GB/512GB SSD/Iris Xe Graphics/Windows 11 Home/MS Office21/Backlit Keyboard/FP Sensor/1.4 Kg)  ,"56,999",
"Lenovo IdeaPad Gaming 3 Intel Core i5 11th Gen 15.6"" (39.62cm) FHD IPS Gaming Laptop (8GB/512GB SSD/4GB NVIDIA GTX 1650/120Hz/Win 11/Backlit/3months Game Pass/Shadow Black/2.25Kg), 82K10198IN  ","55,937",
"Lenovo IdeaPad Slim 3 Intel Core i3 12th Gen 15.6"" (39.62cm) FHD Thin & Light Laptop (8GB/512GB SSD/Windows 11/Office 2021/2Yr Warranty/3months Game Pass/Arctic Grey/1.63Kg), 82RK006DIN  ","43,990",
"Lenovo V15 AMD Ryzen 5 5500U 15.6"" FHD 250 nits Antiglare Thin and Light Laptop (8GB/512GB SSD/Windows 11 Home/1 Year Onsite Brand Warranty/Iron Grey/1.7 Kg)  ","38,037",
"Lenovo IdeaPad Slim 3 Intel Core i5 11th Gen 15.6"" (39.62cm) FHD Laptop (16GB/512GB SSD/Win 11/Office 2021/2 Years Warranty/Alexa Built-in/3 Month Game Pass/Arctic Grey/1.65Kg), 82H802XXIN  ","56,990",
"(Renewed) HP Chromebook C640 10th Gen Intel Core i5 Thin & Light FHD Laptop (8 GB DDR4 RAM/64 GB eMMC SSD + 256 GB MicroSD Card/14"" (35.6 cm) FHD/Chrome OS/WiFi/Bluetooth/Webcam/Intel Graphics)  ","24,999",
"HP 245 G8 Laptop PC with AMD Ryzen 3 3250U/8 GB DDR4 RAM/512 GB PCIe® NVMe™ SSD/AMD Radeon™ Graphics/35.6 cm (14"" inch)/DOS/Matte Black/1.5 KG/1 Year Onsite Warranty  ","26,999",3.5 out of 5 stars
"(Renewed) Lenovo Thinkpad Intel Core i5 14-Inch (35.56 cms) 1366x768 Laptop (8 GB/500 GB/Windows 10/Intel HD Graphics/Black/2.20 Kg), T440  ","15,538",3.3 out of 5 stars
Xiaomi Notebook Pro QHD+IPS AntiGlare Display Intel Core I5-11300H 11th Gen 14 Inch Thin & Light Laptop (16GB/512GB SSD/Iris Xe Graphics/Windows 11 Home/MS Office21/Backlit Keyboard/FP Sensor/1.4 Kg)  ,"56,999",
"Apple 2023 MacBook Pro Laptop M2 Max chip with 12‑core CPU and 38‑core GPU: 33.74 cm (16.2-inch), 32GB Unified Memory, 1TB SSD Storage. Works with iPhone/iPad; Space Grey  ","3,49,900",
(Renewed) Lenovo ThinkPad T Series T450 (20BV0064US) Laptop Intel Core i5 5300U (2.30 GHz) 4 GB Memory 500 GB HDD 14 1366 x 768 Intel HD Graphics 5500 Windows 7 Professional 64-Bit / Windows 10 Pro Downgrade inches  ,"14,249",3.6 out of 5 stars
Acer Extensa 15 AMD Ryzen 3 7320U Quad-Core Processor (8 GB/512 GB SSD/Windows 11 Home/AMD Radeon Graphics/1.78 KG/Steel Gray) EX215-23 Full HD Display Laptop  ,"36,990",
"(Renewed) Dell Latitude Air Laptop E7280 Intel Core i5 - 6300u Processor 6th Gen, 8 GB Ram & 512 GB SSD, 12.5 Inches (Ultra Slim & Feather Light 1KG) Notebook Computer  ","17,599",
"ASUS VivoBook 13 Slate Intel Pentium Silver N6000, 13.3 inches(33.7cm) FHD OLED Touch 2-in-1 Laptop (4GB/128GB eMMC/Office 2021/Windows 11 Home/Black), T3300KA-LQ122WS  ","30,990",
"(Renewed) Dell Latitude Laptop 7390 Intel Core i7 Mobile-8th Gen Processor , 16 GB Ram & 256 GB SSD, 13.3 Inches FHD 1080p 1.17KG Light Weight Notebook Computer  ","29,393",
"HP 240 G8 (4K5D5PA) Laptop (Intel Core I3/ 11th Gen/ 8GB RAM/ 512GB SSD/ DOS/ 35.6 cm (14"") Diagonal, HD (1366 x 768), Micro-Edge, Anti-Glare, 250 nits, 45% NTSC/ 1 Year Warranty)  ","38,614",
"(Renewed) Lenovo Thinkpad L450 5th Gen Intel Core i5 HD Laptop (8 GB RAM/500 GB HDD/14"" (35.6 cm)/Windows 10 Pro/MS Office/WiFi/Bluetooth 4.0/Webcam/Intel HD Graphics)  ","16,999",
"(Renewed) Dell Latitude Laptop E7480 Intel Core i5 - 6200u Processor 6th Gen, 8 GB Ram & 256 GB SSD, 14.1 Inches (Ultra Slim & Feather Light 1.37KG) Notebook Computer  ","24,500",
"Lenovo ThinkBook 15 AMD Ryzen 5 5500U 15.6"" (39.62cm) FHD 220 nits Antiglare Thin and Light Laptop (8GB/512GB SSD/Windows 11/MS Office/Mineral Grey/1.7 Kg), 21A4A09UIH  ","45,540",
"Lenovo ThinkPad E14 Intel Core i5 12th Gen 14"" FHD Thin and Light Laptop (16GB RAM/512GB SSD/Windows 11 Home/MS Office H&S 2021/FPR/Backlit Keyboard/Black/1.59 kg), 21E3S04W00  ","70,990",
"Fujitsu CH Intel Evo Core i5 11th Gen 13.3â€ FHD IGZO Panel 400Nits Thin & Light Laptop(16GB/512GB SSD/Windows 11/Office 2021/Iris Xe Graphics/Backlit/2Yr Warranty/Brown/988gm),4ZR1H03553  ","54,990",
"Apple 2023 MacBook Pro Laptop M2 Max chip with 12‑core CPU and 38‑core GPU: 33.74 cm (16.2-inch), 32GB Unified Memory, 1TB SSD Storage. Works with iPhone/iPad; Silver  ","3,45,766",
"(Renewed) HP Ultra Beautiful Laptop 348G4 Intel Core i5 Mobile-7th Gen -Processor, 16 GB Ram & 1TB SSD, 14Inches Screen Notebook Computer  ","24,990",
"ASUS TUF Gaming F15 (2022), 15.6"" (39.62 cms) FHD 144Hz, Intel Core i7-12700H 12th Gen, RTX 3050 Ti 4GB Graphics, Gaming Laptop, FX577ZE-HN056W + VP4700 TUF 17"" (43.18 cm) Backpack (Black)  ","97,499",
"HP EliteBook 830 G5 Laptop 13.3"" FHD | 1.7GHz Intel Core i5-8350U Quad-Core | 8GB DDR4 | 256GB SSD | Windows 10 Pro (Renewed)  ","29,800",
"Lenovo IdeaPad Slim 5 Intel Core i5 11th Gen 15.6"" (39.62cm) FHD IPS Thin & Light Laptop (16GB/512GB SSD/Windows 11/Office 2021/Backlit/FPR/3months Game Pass/Graphite Grey/1.66Kg), 82FG01B5IN  ","57,990",
"Lenovo IdeaPad Slim 5 Intel Core i5 11th Gen 15.6"" (39.62cm) FHD IPS Thin & Light Laptop (16GB/512GB SSD/Windows 11/Office 2021/Backlit/FPR/3months Game Pass/Graphite Grey/1.66Kg), 82FG01B5IN  ","57,990",
"Lenovo IdeaPad Slim 3 Intel Core i3-1115G4 11th Gen 15.6"" (39.62cm) FHD Laptop (8GB/256GB SSD/Win 11/Office 2021/2 Year Warranty/3 Month Game Pass/Platinum Grey/1.7Kg), 81X800LCIN  ","33,639",
Xiaomi Notebook Pro QHD+IPS AntiGlare Display Intel Core I5-11300H 11th Gen 14 Inch Thin & Light Laptop (16GB/512GB SSD/Iris Xe Graphics/Windows 11 Home/MS Office21/Backlit Keyboard/FP Sensor/1.4 Kg)  ,"56,999",
"Lenovo IdeaPad Gaming 3 Intel Core i5 11th Gen 15.6"" (39.62cm) FHD IPS Gaming Laptop (8GB/512GB SSD/4GB NVIDIA GTX 1650/120Hz/Win 11/Backlit/3months Game Pass/Shadow Black/2.25Kg), 82K10198IN  ","55,937",
"Lenovo IdeaPad Slim 3 Intel Core i3 12th Gen 15.6"" (39.62cm) FHD Thin & Light Laptop (8GB/512GB SSD/Windows 11/Office 2021/2Yr Warranty/3months Game Pass/Arctic Grey/1.63Kg), 82RK006DIN  ","43,990",
"(Renewed) HP Chromebook C640 10th Gen Intel Core i5 Thin & Light FHD Laptop (8 GB DDR4 RAM/64 GB eMMC SSD + 256 GB MicroSD Card/14"" (35.6 cm) FHD/Chrome OS/WiFi/Bluetooth/Webcam/Intel Graphics)  ","24,999",
"HP 245 G8 Laptop PC with AMD Ryzen 3 3250U/8 GB DDR4 RAM/512 GB PCIe® NVMe™ SSD/AMD Radeon™ Graphics/35.6 cm (14"" inch)/DOS/Matte Black/1.5 KG/1 Year Onsite Warranty  ","26,999",3.5 out of 5 stars
HP Pavilion Aero AMD Ryzen 7 7735U 13.3 inch(33.8cm) WUXGA IPS Micro-Edge Laptop(16GB RAM/1TB SSD/AMD Radeon Graphics/Win 11/MSO/Backlit Keyboard/B&O/FPR/Alexa/Rose Gold/970 Grams) 13-be2046AU  ,"81,490",
"Lenovo V14 Intel Core I3 11th Gen 14"" Thin and Light Laptop (8GB RAM/256GB SSD/Windows 11/Iron Grey/1.5 kg)  ","31,990",3.3 out of 5 stars
"(Renewed) Lenovo ThinkPad 8th Gen Intel Core i5 Thin & Light HD Laptop (8 GB DDR4 RAM/512 GB SSD/14"" (35.6 cm) HD/Windows 11/MS Office/WiFi/Bluetooth 4.1/Webcam/Integrated Graphics)  ","24,999",
Xiaomi Notebook Pro QHD+IPS AntiGlare Display Intel Core I5-11300H 11th Gen 14 Inch Thin & Light Laptop (16GB/512GB SSD/Iris Xe Graphics/Windows 11 Home/MS Office21/Backlit Keyboard/FP Sensor/1.4 Kg)  ,"56,999",
"Apple 2023 MacBook Pro Laptop M2 Max chip with 12‑core CPU and 38‑core GPU: 33.74 cm (16.2-inch), 32GB Unified Memory, 1TB SSD Storage. Works with iPhone/iPad; Space Grey  ","3,49,900",
"Acer Swift 3 T&L Laptop Intel EVO Core i5 12th Gen Processor- (8GB/512GB/Win11/MS Office/1.2kg/Backlit Keyboard/FP Reader) SF314-512 with 35.6 cm (14"") FHD IPS Display,Flat Rs: 2000 of All Bank Cards  ","64,385",
"(Renewed) Dell Vostro 3rd Gen Intel Core i3 HD Business Laptop (4 GB RAM/500 GB HDD/14"" (35.6 cm)/Windows 10/MS Office/WiFi/Bluetooth/Webcam/Integrated Graphics)  ","13,109",
"HP Envy x360 for Creators 12th Gen Intel Core i7-1255U, 15.6inch(39.6 cm) FHD OLED 500 Nits Micro-Edge Display (16GB RAM/1TB SSD/B&O/NVIDIA GeForce RTX 2050/Win 11/Fast Charge/Pen/1.7 Kgs/15-ew0022TX)  ","1,19,990",
"(Renewed) Lenovo Thinkpad Laptop x270 Intel Core i7-7th Gen Processor , 16 GB Ram & 1TB SSD, 12.5 Inches FHD 1080p 1.43KG Light Weight Notebook Computer  ","31,990",
"(Renewed) HP Chromebook C640 10th Gen Intel Core i5 Thin & Light FHD Laptop (8 GB DDR4 RAM/64 GB eMMC SSD + 128 GB MicroSD Card/14"" (35.6 cm) FHD/Chrome OS/WiFi/Bluetooth/Webcam/Intel Graphics)  ","23,999",
"Lenovo ThinkPad E14 Intel Core i3 12th Gen 14"" FHD Thin and Light Laptop (8GB RAM/512GB SSD/Windows 11 Home/MS Office H&S 2021/FPR/Black/1.59 kg), 21E3S0AV00  ","48,990",
"(Renewed) HP Chromebook 13 G1 6th Gen Intel Core m5 Thin & Light FHD Laptop (8 GB RAM/32 GB eMMC + 32 GB MicroSD Card/13.3"" (33.8 cm) FHD/Chrome OS/WiFi/Bluetooth/Webcam/Intel Graphics)  ","14,999",
"Dell Inspiron 3511 Laptop, Intel Core i5-1135G7, 8GB, 512GB SSD, 15.6"" (39.62Cms) FHD WVA AG, Windows 11 + MSO'21, Carbon Black (1.8Kgs, D560745WIN9B)  ","54,476",
"Lenovo ThinkBook 15 AMD Ryzen 5 5500U 15.6"" (39.62cm) FHD 220 nits Antiglare Thin and Light Laptop (8GB/512GB SSD/Windows 11/MS Office/Mineral Grey/1.7 Kg), 21A4A09UIH  ","45,540",
"Lenovo ThinkPad E14 Intel Core i5 12th Gen 14"" FHD Thin and Light Laptop (16GB RAM/512GB SSD/Windows 11 Home/MS Office H&S 2021/FPR/Backlit Keyboard/Black/1.59 kg), 21E3S04W00  ","70,990",
"Fujitsu CH Intel Evo Core i5 11th Gen 13.3â€ FHD IGZO Panel 400Nits Thin & Light Laptop(16GB/512GB SSD/Windows 11/Office 2021/Iris Xe Graphics/Backlit/2Yr Warranty/Brown/988gm),4ZR1H03553  ","54,990",
"Apple 2023 MacBook Pro Laptop M2 Max chip with 12‑core CPU and 38‑core GPU: 33.74 cm (16.2-inch), 32GB Unified Memory, 1TB SSD Storage. Works with iPhone/iPad; Silver  ","3,45,766",
"Lenovo V15 Intel Core i3 11th Gen 1115G4 15.6"" (39.62 cm) FHD(1920x1080) Thin and Light Laptop (8GB DDR4 RAM/256GB SSD/Windows 11 Home/Iron Grey/1 Year Onsite Warranty/1.7 kg)  ","33,999",3.3 out of 5 stars
Lenovo E41-55 Laptop Ryzen 3-3250U / 8GB RAM/ 1TB 7200RPM HDD/DOS / 2Cell 30WH/WiFi BT/Cam/No FPR// 14” HD Inches/ 1 Year Onsite Warranty/Iron Grey/ 82FJ00A0IH  ,"29,990",
(renewed) core i5 Laptop ThinkPad x201 4 gb ram/500 gb HDD  ,,
"Lenovo IdeaPad Slim 5 Intel Core i5 11th Gen 15.6"" (39.62cm) FHD IPS Thin & Light Laptop (16GB/512GB SSD/Windows 11/Office 2021/Backlit/FPR/3months Game Pass/Graphite Grey/1.66Kg), 82FG01B5IN  ","57,990",
"Lenovo IdeaPad Slim 5 Intel Core i5 11th Gen 15.6"" (39.62cm) FHD IPS Thin & Light Laptop (16GB/512GB SSD/Windows 11/Office 2021/Backlit/FPR/3months Game Pass/Graphite Grey/1.66Kg), 82FG01B5IN  ","57,990",
"Lenovo IdeaPad Slim 3 Intel Core i3-1115G4 11th Gen 15.6"" (39.62cm) FHD Laptop (8GB/256GB SSD/Win 11/Office 2021/2 Year Warranty/3 Month Game Pass/Platinum Grey/1.7Kg), 81X800LCIN  ","33,639",
Xiaomi Notebook Pro QHD+IPS AntiGlare Display Intel Core I5-11300H 11th Gen 14 Inch Thin & Light Laptop (16GB/512GB SSD/Iris Xe Graphics/Windows 11 Home/MS Office21/Backlit Keyboard/FP Sensor/1.4 Kg)  ,"56,999",
"Lenovo IdeaPad Gaming 3 Intel Core i5 11th Gen 15.6"" (39.62cm) FHD IPS Gaming Laptop (8GB/512GB SSD/4GB NVIDIA GTX 1650/120Hz/Win 11/Backlit/3months Game Pass/Shadow Black/2.25Kg), 82K10198IN  ","55,937",
"Lenovo IdeaPad Slim 3 Intel Core i3 12th Gen 15.6"" (39.62cm) FHD Thin & Light Laptop (8GB/512GB SSD/Windows 11/Office 2021/2Yr Warranty/3months Game Pass/Arctic Grey/1.63Kg), 82RK006DIN  ","43,990",
"Lenovo V15 G3 Intel Core i3-1215U 12th Gen Thin and Light Laptop/ 8GB DDR4 3200 Ram / 512 GB SSD PCIe/Windows 11/Integrated Graphics /15.6"" FHD Display / 1 Year Warranty  ","37,999",
"(Renewed) Lenovo IdeaPad S340 10th Gen Intel Core i5 14"" (35.56cms) Full HD IPS Thin and Light Laptop (8GB/1TB HDD + 256GB SSD/Windows 10/MS Office 2019/2GB Graphics/Platinum Grey/1.6Kg), 81WJ001UIN  ","37,573",
(Renewed) HP 840g3 Elitebook Ultralight 1.48 KG (6th Gen Intel Core i5 - 6300U /8 GB/512 GB SSD/Windows 10 Pro/Silver /14 Inch Screen)  ,"20,497",3.3 out of 5 stars
"ASUS Vivobook 15, Intel Core i5-1135G7 11th Gen, 15.6"" (39.62 cm) FHD, Thin and Light Laptop (8GB/512GB SSD/Integrated Graphics/Windows 11/Office 2021/Fingerprint Sensor/Silver/1.8 Kg), X515EA-EJ522WS  ","48,890",
"(Renewed) Lenovo IdeaPad 6th Gen Intel Core i5 Thin & Light HD Laptop (8 GB DDR4 RAM/256 GB SSD/14"" (35.6 cm) HD/Windows 11/MS Office/WiFi/Bluetooth 4.1/Webcam/Integrated Graphics)  ","18,998",
Xiaomi Notebook Pro QHD+IPS AntiGlare Display Intel Core I5-11300H 11th Gen 14 Inch Thin & Light Laptop (16GB/512GB SSD/Iris Xe Graphics/Windows 11 Home/MS Office21/Backlit Keyboard/FP Sensor/1.4 Kg)  ,"56,999",
"Apple 2023 MacBook Pro Laptop M2 Max chip with 12‑core CPU and 38‑core GPU: 33.74 cm (16.2-inch), 32GB Unified Memory, 1TB SSD Storage. Works with iPhone/iPad; Space Grey  ","3,49,900",
"Lenovo IdeaPad Slim 3 Intel Core i3 12th Gen 15.6"" (39.62cm) FHD Thin & Light Laptop (8GB/512GB SSD/Windows 11/Office 2021/2Yr Warranty/3months Game Pass/Arctic Grey/1.63Kg), 82RK006DIN  ","43,990",
"(Renewed) HP Intel 6th Gen Core i5-6267U 14.5-Inch (36.83 cms) HD (1366 X 768) MP Laptop (16 GB/256 GB SSD/Windows 10 Pro/MS Office 2019 /Intel/Silver/2.20 Kg), 840 G3  ","19,821",
"HP 15s, AMD Ryzen 3 5300U, 15.6 inch(39.6cm) FHD Anti-Glare Laptop(8GB SDRAM/512GB SSD/AMD Radeon Graphics/Win 11/MSO/Dual Speakers) 15s- eq2212AU  ","38,490",
"HP EliteBook 830 G5 Laptop 13.3"" FHD | 1.7GHz Intel Core i5-8350U Quad-Core | 8GB DDR4 | 256GB SSD | Windows 10 Pro (Renewed)  ","29,800",
"Lenovo V15 AMD Ryzen 5 5500U 15.6"" (39.62cm) FHD 250 nits Antiglare Thin and Light Laptop (8GB/512GB SSD/Windows 11 pro and MS-Office with Lifetime Validity/1 Year Onsite Warranty /Iron Grey/1.5 Kg)  ","39,999",
"Lenovo (Renewed) Thinkpad T440-i5-8 GB-500 GB 14-inch Laptop (4th Gen Core i5/8GB/500GB HDD/Windows 7/Integrated Graphics), Black  ","15,151",
"(Renewed) Dell Latitude Air Laptop E7280 Intel Core i5 - 6300u Processor 6th Gen, 8 GB Ram & 128 GB SSD, 12.5 inches Ultra Slim & Feather Light 1KG Notebook Computer, Windows 10 Pro  ","16,421",3.5 out of 5 stars
"Lenovo IdeaPad Slim 3 Intel Core i3 10th Gen 15.6"" (39.62cm) FHD Laptop (8GB/256GB SSD/Win 11/Office 2021/2 Year Warranty/3 Month Game Pass/Platinum Grey/1.7Kg), 81WB01FYIN  ","33,990",3.4 out of 5 stars
"Lenovo ThinkPad E14 Intel Core i5 12th Gen 14"" FHD Thin and Light Laptop (16GB RAM/512GB SSD/Windows 11 Home/MS Office H&S 2021/FPR/Backlit Keyboard/Black/1.59 kg), 21E3S04W00  ","70,990",
"Lenovo IdeaPad Slim 5 Intel Core i5 11th Gen 15.6"" (39.62cm) FHD IPS Thin & Light Laptop (16GB/512GB SSD/Windows 11/Office 2021/Backlit/FPR/3months Game Pass/Graphite Grey/1.66Kg), 82FG01B5IN  ","57,990",
"Apple 2023 MacBook Pro Laptop M2 Max chip with 12‑core CPU and 38‑core GPU: 33.74 cm (16.2-inch), 32GB Unified Memory, 1TB SSD Storage. Works with iPhone/iPad; Space Grey  ","3,49,900",
"Fujitsu CH Intel Evo Core i5 11th Gen 13.3â€ FHD IGZO Panel 400Nits Thin & Light Laptop(16GB/512GB SSD/Windows 11/Office 2021/Iris Xe Graphics/Backlit/2Yr Warranty/Brown/988gm),4ZR1H03553  ","54,990",
"Lenovo IdeaPad Slim 3 10th Gen Intel Core i3 15.6"" (39.62cm) FHD Laptop (8GB/256GB SSD/Win 11/Office 2021/2 Year Warranty/3 Month Game Pass/Platinum Grey/1.7Kg), 81WB018QIN  ","30,990",3.5 out of 5 stars
"Lenovo V14 Intel Core i5 11th Gen 14"" (35.6 cm) HD (1366x768) Antiglare 250 nits Thin and Light Laptop (8GB RAM/512GB SSD/DOS/Iron Grey/1.6 kg), 82KAA002IH  ","47,199",
HP Intel Business Laptop 250 G8 Core i5 11th Gen 8GB RAM 512GB SSD DOS OS 15.6 inches Screen Grey Color 42V69PA  ,"49,600",
"Lenovo IdeaPad Slim 5 Intel Core i5 11th Gen 15.6"" (39.62cm) FHD IPS Thin & Light Laptop (16GB/512GB SSD/Windows 11/Office 2021/Backlit/FPR/3months Game Pass/Graphite Grey/1.66Kg), 82FG01B5IN  ","57,990",
"Lenovo IdeaPad Slim 5 Intel Core i5 11th Gen 15.6"" (39.62cm) FHD IPS Thin & Light Laptop (16GB/512GB SSD/Windows 11/Office 2021/Backlit/FPR/3months Game Pass/Graphite Grey/1.66Kg), 82FG01B5IN  ","57,990",
"Lenovo IdeaPad Slim 3 Intel Core i3-1115G4 11th Gen 15.6"" (39.62cm) FHD Laptop (8GB/256GB SSD/Win 11/Office 2021/2 Year Warranty/3 Month Game Pass/Platinum Grey/1.7Kg), 81X800LCIN  ","33,639",
Xiaomi Notebook Pro QHD+IPS AntiGlare Display Intel Core I5-11300H 11th Gen 14 Inch Thin & Light Laptop (16GB/512GB SSD/Iris Xe Graphics/Windows 11 Home/MS Office21/Backlit Keyboard/FP Sensor/1.4 Kg)  ,"56,999",
"Lenovo IdeaPad Gaming 3 Intel Core i5 11th Gen 15.6"" (39.62cm) FHD IPS Gaming Laptop (8GB/512GB SSD/4GB NVIDIA GTX 1650/120Hz/Win 11/Backlit/3months Game Pass/Shadow Black/2.25Kg), 82K10198IN  ","55,937",
"Lenovo IdeaPad Slim 3 Intel Core i3 12th Gen 15.6"" (39.62cm) FHD Thin & Light Laptop (8GB/512GB SSD/Windows 11/Office 2021/2Yr Warranty/3months Game Pass/Arctic Grey/1.63Kg), 82RK006DIN  ","43,990",
"(Renewed) Dell Vostro 4th Gen Intel Core i3 HD Business Laptop (8 GB RAM/256 GB SSD/14"" (35.6 cm)/Windows 10/MS Office/WiFi/Bluetooth/Webcam/Integrated Graphics)  ","15,319",
"ASUS VivoBook 15 (2022), Intel®Core™ i3-1215U 12th Gen, 15.6"" (39.62 cm) FHD, Thin and Light Laptop (8GB/512 SSD//Windows 11/Office 2021//Backlit KB/Icelight Silver/1.7 kg), X1502ZA-EJ322WS  ","42,990",
"Lenovo V14 Gen 2 Laptop with Intel Core i5-1135G7 11TH GEN/35.6cms (14"" inch)/Integrated Intel® UHD Graphics/8GB/512GB SSD/ Windows 11/Iron Grey/ 1.46kg/1 Year Onsite Warranty  ","49,999",
"Lenovo (Renewed) Thinkpad T460 14-inch (35 cm) Laptop (Intel, I5-6300U/16GB/256GB/Dos/Integrated Graphics), Black  ","19,990",
"Samsung Galaxy Book2 (NP750) Intel 12th Gen core i5 39.6cm (15.6"") FHD Thin & Light Laptop (8 GB/512 GB/Windows 11/MS Office/Backlit Keyboard/Finger Print Reader/Silver/1.55Kg), NP750XED-KC1IN  ","61,490",
"Apple 2023 MacBook Pro Laptop M2 Max chip with 12‑core CPU and 38‑core GPU: 33.74 cm (16.2-inch), 32GB Unified Memory, 1TB SSD Storage. Works with iPhone/iPad; Silver  ","3,45,766",
Xiaomi Notebook Pro QHD+IPS AntiGlare Display Intel Core I5-11300H 11th Gen 14 Inch Thin & Light Laptop (16GB/512GB SSD/Iris Xe Graphics/Windows 11 Home/MS Office21/Backlit Keyboard/FP Sensor/1.4 Kg)  ,"56,999",
"Lenovo V15 AMD Ryzen 5 5500U 15.6"" FHD 250 nits Antiglare Thin and Light Laptop (8GB/512GB SSD/Windows 11 Home/1 Year Onsite Brand Warranty/Iron Grey/1.7 Kg)  ","38,037",
"HP Pavilion 14 12th Gen Intel Core i5 16GB RAM/512GB SSD 14 inch(35.6cm) IPS Micro-Edge FHD Touch Laptop/Intel UHD Graphics/B&O/Win 11/Alexa Built-in/Backlit KB/FPR/MSO/Fast Charge/Silver,14-dv2041TU  ","68,990",
"ASUS VivoBook 14 (2021), 14-inch (35.56 cm) HD, Intel Pentium Silver N6000 Quad Core, Thin and Light Laptop (8GB/256GB SSD/Office 2021/Windows 11/Integrated Graphics/Silver/1.5 kg), X415KA-BV121WS  ","28,990",
"(Renewed)Lenovo ThinkPad L440 4th Gen Intel Core i3 Thin & Light HD Laptop (8 GB RAM/500 GB HDD/14"" (35.6 cm)/Windows 10 Pro/MS Office/Wifi/Bluetooth 4.0/Webcam/Integrated Graphics)  ","17,100",
"Apple 2023 MacBook Pro Laptop M2 Max chip with 12‑core CPU and 38‑core GPU: 33.74 cm (16.2-inch), 32GB Unified Memory, 1TB SSD Storage. Works with iPhone/iPad; Silver  ","3,45,766",
"(Renewed) HP 14s, Intel Celeron N4500, 8GB RAM/256GB SSD 14-inches/35.6 cm HD, Micro-Edge Display/Alexa Built-in/Windows 11/Intel UHD Graphics/Dual Speakers/ MSO 2021/1.46 Kg, 14s-dq3037tu  ",,
(renewed) Latitude D620 core 2 Duo Laptop/4 gb ram / 250 gb HDD  ,,
"Dell Inspiron 3520 Laptop,12th Gen Intel Core i3-1215, Windows 11 + MSO'21, 8GB, 512GB SSD, 15.6"" (39.62Cms) FHD WVA AG 120Hz 250 nits, Black (D560896WIN9B, 1.65Kgs)  ","42,970",
"Lenovo V15 AMD Ryzen5 5500U 15.6"" (39.62 cm) FHD (1920x1080) Antiglare 250 nits Thin and Light Laptop (8GB RAM/512GB SSD/DOS/Iron Grey/1.7 kg), 82KDA011IH  ","35,990",3.7 out of 5 stars
"Lenovo ThinkPad E14 Intel Core i5 12th Gen 14"" FHD Thin and Light Laptop (16GB RAM/512GB SSD/Windows 11 Home/MS Office H&S 2021/FPR/Backlit Keyboard/Black/1.59 kg), 21E3S04W00  ","70,990",
"Apple 2023 MacBook Pro Laptop M2 Max chip with 12‑core CPU and 38‑core GPU: 33.74 cm (16.2-inch), 32GB Unified Memory, 1TB SSD Storage. Works with iPhone/iPad; Space Grey  ","3,49,900",
"Fujitsu CH Intel Evo Core i5 11th Gen 13.3â€ FHD IGZO Panel 400Nits Thin & Light Laptop(16GB/512GB SSD/Windows 11/Office 2021/Iris Xe Graphics/Backlit/2Yr Warranty/Brown/988gm),4ZR1H03553  ","54,990",
(Renewed) HP 840g2 EliteBook Laptop ( Intel Core i5 - 5300u /16 GB/2000 GB HDD/Windows 10 Pro/Black /14 Inch Screen)  ,"23,040",
"HP Pavilion 14 12th Gen Intel Core i5 16GB RAM/512GB SSD 14 inch(35.6cm) IPS Micro-Edge FHD Touch Laptop/Intel UHD Graphics/B&O/Win 11/Alexa Built-in/Backlit KB/FPR/MSO/Fast Charge/Silver,14-dv2041TU  ","68,990",
"(Renewed) Lenovo ThinkPad 8th Gen Intel Core i5 Thin & Light HD Laptop (16 GB DDR4 RAM/256 GB SSD/14"" (35.6 cm) HD/Windows 11/MS Office/WiFi/Bluetooth 4.1/Webcam/Integrated Graphics)  ","29,999",
"HP 245 G8 Laptop 62G69PA (AMDRyzen™3 3250U/8GB Ram/ 512 GB SSD/ 14"" Inch HD/ Windows 11 HomeSingleLanguage/1 Year Warranty)  ","31,990",
"HP Victus Gaming Laptop 11th Gen Intel Core i5-11400H16.1 inch(40.9 cm) FHD IPS Gaming Laptop(16GB RAM/512GB SSD/NVIDIA GeForce GTX 1650 graphics/144Hz/Backlit KB/Wi11/MSO/B&O/Alexa),16-d0311TX  ","62,990",
"ASUS Vivobook 15 OLED (2023), AMD Ryzen 5 7530U, 15.6"" (39.62 cm) FHD OLED, Thin and Light Laptop (16GB/512GB SSD/Windows 11/Office 2021/Backlit KB/FP Sensor/Black/1.7 Kg), M1505YA-LK541WS  ","65,990",
HP Omen 12th Gen Intel Core i9-12900HX 17.3 inch(43.9cm) QHD Gaming Laptop(32GB RAM/2TB SSD/RTX 3080Ti 16GB Graphics/165Hz/3ms Response Time/Win 11/MSO 2021/Backlit KB/B&O/Alexa/Xbox Pass)17-ck1023TX  ,"2,96,000",
"(Renewed) Lenovo Thinkpad Laptop T460 Intel Core i5 - 6300u Processor 16 GB Ram & 1 TB SSD, 14 Inches Notebook Computer  ","22,371",3.4 out of 5 stars
"Apple 2023 MacBook Pro Laptop M2 Max chip with 12‑core CPU and 38‑core GPU: 33.74 cm (16.2-inch), 32GB Unified Memory, 1TB SSD Storage. Works with iPhone/iPad; Silver  ","3,45,766",
"Lenovo IdeaPad Slim 5 Intel Core i5 11th Gen 15.6"" (39.62cm) FHD IPS Thin & Light Laptop (16GB/512GB SSD/Windows 11/Office 2021/Backlit/FPR/3months Game Pass/Graphite Grey/1.66Kg), 82FG01B5IN  ","57,990",
"Dell XPS 9315 2in1 Laptop, i5-1230U, 16GB LP DDR4, 512GB SSD, Integrated, 13.0"" (33.02Cms) 3K AR+AS Gorilla Glass 500 nits Touch, XPS Stylus, Win 11+ MSO'21, Sky (D560076WIN9S, 1.12Kgs)  ","1,58,900",
"MSI Katana GF66, Intel 11th Gen. i7-11800H, 40CM FHD 144Hz Gaming Laptop Windows 11 Home/NVIDIA RTX 3060/Black/2.25Kg, 11UE-861IN  ","86,990",
"Acer Extensa 15 Intel® Core i3-N305 Processor (8 GB/512 GB SSD/Win11 Home/MS Office Home and Student/Intel UHD Graphics/1.7 KG/Silver) EX215-33 FHD Display Laptop,Flat Rs: 2000 of All Bank Cards.  ","38,990",
"(Renewed) Lenovo Thinkpad L450 5th Gen Intel Core i5 HD Laptop (16 GB RAM/512 GB SSD/14"" (35.6 cm)/Windows 10 Pro/MS Office/WiFi/Bluetooth 4.0/Webcam/Intel HD Graphics)  ","19,724",3.3 out of 5 stars
"Lenovo ThinkBook 15 AMD Ryzen 3 5300U 15.6"" (39.62cm) FHD 220 Nits Antiglare Thin and Light Laptop (8GB/256GB SSD/Windows 11/MS Office/Mineral Grey/1.7 Kg), 21A4A09SIH  ","39,500",
HP Intel Business Laptop 250 G8 Core i5 11th Gen 8GB RAM 512GB SSD DOS OS 15.6 inches Screen Grey Color 42V69PA  ,"49,600",
"HP G8 6E3Z1PA Ryzen 3 Dual Core AMD Ryzen 3 3250U - (8 GB/512 GB SSD/DOS) 245 G8 Laptop (14 inch, Black, 1.94 kg)  ","32,500",
"Dell New 14"" Latitude 3420- i3 11th Gen || 8 GB || 256 GB SSD || 14"" HD 1920 x 1080 Pixels || Ubuntu-Dos || 1 Year Onsite with ADP Warranty  ","34,900",
Xiaomi Notebook Pro QHD+IPS AntiGlare Display Intel Core I5-11300H 11th Gen 14 Inch Thin & Light Laptop (16GB/512GB SSD/Iris Xe Graphics/Windows 11 Home/MS Office21/Backlit Keyboard/FP Sensor/1.4 Kg)  ,"56,999",
"Lenovo ThinkPad E14 Intel Core i5 12th Gen 14"" FHD Thin and Light Laptop (16GB RAM/512GB SSD/Windows 11 Home/MS Office H&S 2021/FPR/Backlit Keyboard/Black/1.59 kg), 21E3S04W00  ","70,990",
"Apple 2023 MacBook Pro Laptop M2 Max chip with 12‑core CPU and 38‑core GPU: 33.74 cm (16.2-inch), 32GB Unified Memory, 1TB SSD Storage. Works with iPhone/iPad; Space Grey  ","3,49,900",
"Fujitsu CH Intel Evo Core i5 11th Gen 13.3â€ FHD IGZO Panel 400Nits Thin & Light Laptop(16GB/512GB SSD/Windows 11/Office 2021/Iris Xe Graphics/Backlit/2Yr Warranty/Brown/988gm),4ZR1H03553  ","54,990",
(renewed) core i5 Laptop ThinkPad x201 4 gb ram/500 gb HDD  ,,
"Apple 2022 MacBook Air Laptop with M2 chip: 34.46 cm (13.6-inch) Liquid Retina Display, 8GB RAM, 512GB SSD Storage, Backlit Keyboard, 1080p FaceTime HD Camera. Works with iPhone/iPad; Silver  ","1,49,900",
"MSI Raider GE78HX, Intel 13th Gen. i9-13980HX, 43CM QHD+ 240Hz Gaming Laptop (64GB/2TB NVMe SSD/Windows 11 Home/Nvidia GeForce RTX4090, 16GB GDDR6/Black/3.1Kg), 13VI-087IN  ","5,35,051",
"Lenovo IdeaPad Slim 5 Intel Core i5 11th Gen 15.6"" (39.62cm) FHD IPS Thin & Light Laptop (16GB/512GB SSD/Windows 11/Office 2021/Backlit/FPR/3months Game Pass/Graphite Grey/1.66Kg), 82FG01B5IN  ","57,990",
"Lenovo IdeaPad Slim 5 Intel Core i5 11th Gen 15.6"" (39.62cm) FHD IPS Thin & Light Laptop (16GB/512GB SSD/Windows 11/Office 2021/Backlit/FPR/3months Game Pass/Graphite Grey/1.66Kg), 82FG01B5IN  ","57,990",
"Lenovo IdeaPad Slim 3 Intel Core i3-1115G4 11th Gen 15.6"" (39.62cm) FHD Laptop (8GB/256GB SSD/Win 11/Office 2021/2 Year Warranty/3 Month Game Pass/Platinum Grey/1.7Kg), 81X800LCIN  ","33,639",
Xiaomi Notebook Pro QHD+IPS AntiGlare Display Intel Core I5-11300H 11th Gen 14 Inch Thin & Light Laptop (16GB/512GB SSD/Iris Xe Graphics/Windows 11 Home/MS Office21/Backlit Keyboard/FP Sensor/1.4 Kg)  ,"56,999",
"Lenovo IdeaPad Gaming 3 Intel Core i5 11th Gen 15.6"" (39.62cm) FHD IPS Gaming Laptop (8GB/512GB SSD/4GB NVIDIA GTX 1650/120Hz/Win 11/Backlit/3months Game Pass/Shadow Black/2.25Kg), 82K10198IN  ","55,937",
"Lenovo IdeaPad Slim 3 Intel Core i3 12th Gen 15.6"" (39.62cm) FHD Thin & Light Laptop (8GB/512GB SSD/Windows 11/Office 2021/2Yr Warranty/3months Game Pass/Arctic Grey/1.63Kg), 82RK006DIN  ","43,990",
"(Renewed) HP 15s-Ryzen 3 3250U 8GB SDRAM/256GB SSD 15.6inch(39.6cm) HD, Micro-Edge Laptop/AMD Radeon Graphics/Dual Speakers/Win 11 Home/MS Office/Fast Charge/Jet Black/1.69Kg, 15s-ey1508AU  ","27,190",
"Lenovo V14-ADA AMD Ryzen 3 3250U 14 inches HD Laptop (8GB/512GB SSD/Windows 11/Iron Grey), 1.85kg 1YEAR Warranty  ","29,999",3.4 out of 5 stars
Dell Vostro 14-inch Laptop (35.56 cms) | Windows 11 and MS Office 2021 | Intel i3-1115G4 | 8GB DDR4 SDRAM and 512GB SSD | FHD Screen | Laptop for Work | 3420 - Carbon Black (D552276WIN9BE)  ,"43,000",
Redmi Book 15 Intel Core I3 11Th Gen/8 Gb/256 Gb Ssd/Windows 11 Home/15.6 Inches (39.62 Cms) Fhd Anti Glare/Ms Office/Charcoal Gray/1.8 Kg Thin and Light Laptop  ,"32,490",
"(Renewed) Mi Notebook Horizon Edition 14 Intel Core i5-10210U 10th Gen Thin and Light Laptop(8GB/512GB SSD/Windows 10/Nvidia MX350 2GB Graphics/Grey/1.35Kg), XMA1904-AR  ","38,152",
"Apple 2023 MacBook Pro Laptop M2 Max chip with 12‑core CPU and 38‑core GPU: 33.74 cm (16.2-inch), 32GB Unified Memory, 1TB SSD Storage. Works with iPhone/iPad; Silver  ","3,45,766",
"Lenovo IdeaPad Slim 5 Intel Core i5 11th Gen 15.6"" (39.62cm) FHD IPS Thin & Light Laptop (16GB/512GB SSD/Windows 11/Office 2021/Backlit/FPR/3months Game Pass/Graphite Grey/1.66Kg), 82FG01B5IN  ","57,990",
HP Omen 12th Gen Intel Core i9-12900HX 17.3 inch(43.9cm) QHD Gaming Laptop(32GB RAM/2TB SSD/RTX 3080Ti 16GB Graphics/165Hz/3ms Response Time/Win 11/MSO 2021/Backlit KB/B&O/Alexa/Xbox Pass)17-ck1023TX  ,"2,96,000",
"Acer Travelmate Business Laptop Intel Core i5-1135G7 Processor ( 16GB DDR4/ 512GB SSD /Intel Iris Xe Graphics/ Windows 11 Home/MS Office) TMP214-53 with 35.56 cm (14.0"") Full HD Display  ","57,990",
"HP G8 6E3Z1PA Ryzen 3 Dual Core AMD Ryzen 3 3250U - (8 GB/512 GB SSD/DOS) 245 G8 Laptop (14 inch, Black, 1.94 kg)  ","32,500",
Hp Pavilion X360 11Th Gen Intel Core I3 14 Inches Fhd Multitouch 2-in-1 Laptop(8Gb Ram/512Gb Ssd/B&O/Windows 11 Home/Fpr/Backlit Kb/Pen/Alexa/Uhd Graphics/Ms Office/Natural Silver/1.52Kg) 14-Dy0207Tu  ,"52,990",
AXL Laptop (Vayu Book) Newly Launched Thin & Light | 14.1 Inch HD Display (4GB/128GB SSD | 1920 * 1080 FHD IPS | HD Gemini Lake N4020 | Windows 11 Home | UHD Graphics 600 | Space Grey  ,"17,499",3.6 out of 5 stars
Lenovo ThinkPad P14s Mobile Workstation AMD Ryzen 7 PRO 5850U 14 inches FHD IPS 300 nits Thin and Light Laptop(16GB RAM/512GB SSD/Windows 10 Pro/AMD Radeon Graphics/Backlit/Black/1.55Kg) 21A1S04W00  ,"1,10,000",
"HP 245 G8 Laptop 62G69PA (AMDRyzen™3 3250U/8GB Ram/ 512 GB SSD/ 14"" Inch HD/ Windows 11 HomeSingleLanguage/1 Year Warranty)  ","31,990",
"Samsung Galaxy Book3 Pro Intel 13th Gen i7 EvoTM 40.62cm(16"") Dynamic Amoled 2X, 3K Display, 120Hz, Ultra Thin & Light Laptop(16 GB/512 GB SSD/Windows 11/MS Office/Graphite/1.56Kg), NP960XFG-KC1IN  ","1,49,990",
Xiaomi Notebook Pro QHD+IPS AntiGlare Display Intel Core I5-11300H 11th Gen 14 Inch Thin & Light Laptop (16GB/512GB SSD/Iris Xe Graphics/Windows 11 Home/MS Office21/Backlit Keyboard/FP Sensor/1.4 Kg)  ,"56,999",
"Lenovo ThinkBook 15 AMD Ryzen 5 5500U 15.6"" (39.62cm) FHD 220 nits Antiglare Thin and Light Laptop (8GB/512GB SSD/Windows 11/MS Office/Mineral Grey/1.7 Kg), 21A4A09UIH  ","45,540",
"Lenovo IdeaPad Slim 5 Intel Core i5 11th Gen 15.6"" (39.62cm) FHD IPS Thin & Light Laptop (16GB/512GB SSD/Windows 11/Office 2021/Backlit/FPR/3months Game Pass/Graphite Grey/1.66Kg), 82FG01B5IN  ","57,990",
"Apple 2023 MacBook Pro Laptop M2 Max chip with 12‑core CPU and 38‑core GPU: 33.74 cm (16.2-inch), 32GB Unified Memory, 1TB SSD Storage. Works with iPhone/iPad; Space Grey  ","3,49,900",
"HP 245 G8 Laptop 62G69PA (AMDRyzen™3 3250U/8GB Ram/ 512 GB SSD/ 14"" Inch HD/ Windows 11 HomeSingleLanguage/1 Year Warranty)  ","31,990",
"Samsung Galaxy Book3 Pro Intel 13th Gen i7 EvoTM 40.62cm(16"") Dynamic Amoled 2X, 3K Display, 120Hz, Ultra Thin & Light Laptop(16 GB/512 GB SSD/Windows 11/MS Office/Graphite/1.56Kg), NP960XFG-KC1IN  ","1,49,990",
"MSI Gaming Sword 15, Intel 12th Gen. i5-12500H, 40CM FHD 144Hz Gaming Laptop (16GB/1TB NVMe SSD/Windows 11 Home/Nvidia RTX 3050 4GB GDDR6/ Black/2.6Kg), A12UC-467IN  ","1,04,999",
"Lenovo IdeaPad Slim 5 Intel Core i5 11th Gen 15.6"" (39.62cm) FHD IPS Thin & Light Laptop (16GB/512GB SSD/Windows 11/Office 2021/Backlit/FPR/3months Game Pass/Graphite Grey/1.66Kg), 82FG01B5IN  ","57,990",
"Lenovo IdeaPad Slim 5 Intel Core i5 11th Gen 15.6"" (39.62cm) FHD IPS Thin & Light Laptop (16GB/512GB SSD/Windows 11/Office 2021/Backlit/FPR/3months Game Pass/Graphite Grey/1.66Kg), 82FG01B5IN  ","57,990",
"Lenovo IdeaPad 3 11th Gen Intel Core i3 15.6"" FHD Thin & Light Laptop(8GB/512GB SSD/Windows 11/Office 2021/2Yr Warranty/3months Xbox Game Pass/Platinum Grey/1.7Kg), 81X800N2IN  ","36,541",
Xiaomi Notebook Pro QHD+IPS AntiGlare Display Intel Core I5-11300H 11th Gen 14 Inch Thin & Light Laptop (16GB/512GB SSD/Iris Xe Graphics/Windows 11 Home/MS Office21/Backlit Keyboard/FP Sensor/1.4 Kg)  ,"56,999",
"Lenovo IdeaPad Gaming 3 Intel Core i5 11th Gen 15.6"" (39.62cm) FHD IPS Gaming Laptop (8GB/512GB SSD/4GB NVIDIA GTX 1650/120Hz/Win 11/Backlit/3months Game Pass/Shadow Black/2.25Kg), 82K10198IN  ","55,937",
"Lenovo IdeaPad Slim 3 Intel Core i3 12th Gen 15.6"" (39.62cm) FHD Thin & Light Laptop (8GB/512GB SSD/Windows 11/Office 2021/2Yr Warranty/3months Game Pass/Arctic Grey/1.63Kg), 82RK006DIN  ","43,990",
"(Renewed) Dell Intel 5th Gen Core i5 5300U 14-Inch (35.56 cms) Laptop (8 GB/256 GB SSD/Windows 10/Intel HD Graphics/Black/), Latitude E5450  ","16,004",3.5 out of 5 stars
"(Renewed) HP ProBook 640 G3 (7th Gen Intel i5 (i5-7200U) / 8GB RAM / 256 GB SSD / 14"" / DVDRW / 802.11ac WiFi / USB Type-C / Windows 11 Professional / 6 Months Warranty)  ","21,999",
"Lenovo Ideapad 5 Pro AMD Ryzen 7 5800U 14""(35cm) QHD 300Nits Thin & Light Laptop (16GB/1TB SSD/Windows 11/Office 2021/Backlit Keyboard/60Hz/Storm Grey /1.38Kg),82L700D1IN  ","79,990",
"(Renewed) Lenovo Thinkpad T440 14 inches Robust Security & Manageability Laptop (Intel Core i5 4th Gen/8GB/500GB HDD/Windows 10/MS Office Pro 2019/Integrated Graphics), Black, 1.9kg  ","14,804",3.3 out of 5 stars
"Dell G15-5520 Gaming Laptop, i7-12650H, 16GB DDR5, 512GB SSD, NVIDIA GEFORCE RTX 3060 (6GB GDDR6), 15.6"" (39.62Cms) FHD WVA AG, 165Hz 300 nits, Win 11+ MSO'21, Dark Shadow Grey (D560895WIN9S, 2.81Kgs)  ","1,23,990",
"Fujitsu CH Intel Evo Core i5 11th Gen 13.3â€ FHD IGZO Panel 400Nits Thin & Light Laptop(16GB/512GB SSD/Windows 11/Office 2021/Iris Xe Graphics/Backlit/2Yr Warranty/Brown/988gm),4ZR1H03553  ","54,990",
"Apple 2023 MacBook Pro Laptop M2 Max chip with 12‑core CPU and 38‑core GPU: 33.74 cm (16.2-inch), 32GB Unified Memory, 1TB SSD Storage. Works with iPhone/iPad; Silver  ","3,45,766",
"(Renewed) Lenovo T 61 14"" Inch Laptop (Core 2 Duo/1.66Ghz/2/160/Dos/Dvd/No-Cam), Black  ","14,990",
"Dell 15 (2021) Intel I5-1135G7, 8Gb, 512Gb Ssd, Windows 11 + Ms Office'21, Nvidia Mx350 2Gb Graphics, 15.6 Inches Fhd Display, Platinum Silver Color, Backlit Kb (Inspiron 3511, D560718Win9S)  ",,3.5 out of 5 stars
"ASUS ROG Strix G15 Advantage Edition, 15.6-inch (39.62 cm) WQHD 165Hz/3ms, AMD Ryzen 9 5980HX, 12GB RX 6800M Graphics, Gaming Laptop (16GB/1TB SSD/Windows 11/Office 2021/Black/2.5 Kg), G513QY-HQ032WS  ","1,50,990",
"(Renewed) Lenovo IdeaPad Slim 3 Intel Core i5 11th Gen 15.6 inches (39.62cm) FHD Thin & Light Business Laptop (8GB/512GB SSD/Windows 11/MS Office/Backlit Keyboard/Arctic Grey/1.65Kg), 82H802KVIN  ","39,504",
"ASUS Vivobook 15 OLED (2023), AMD Ryzen 5 7530U, 15.6"" (39.62 cm) FHD OLED, Thin and Light Laptop (16GB/512GB SSD/Windows 11/Office 2021/Backlit KB/FP Sensor/Black/1.7 Kg), M1505YA-LK541WS  ","65,990",
"ASUS Vivobook Pro 15, 15.6-inch (39.62 cms) FHD 144Hz, AMD Ryzen 7 5800H, Thin & Light Laptop (16GB/512GB SSD/4GB NVIDIA GeForce RTX 3050/Windows 11/Office 2021/Silver/1.80 kg), M6500QC-HN742WS  ","81,990",
"Lenovo IdeaPad Slim 3 Intel Core i3 10th Gen 15.6"" (39.62cm) FHD Laptop (8GB/256GB SSD/Win 11/Office 2021/2 Year Warranty/3 Month Game Pass/Platinum Grey/1.7Kg), 81WB01FYIN  ","33,990",3.4 out of 5 stars
"HP Pavilion 15 AMD Ryzen 5-5625U, 16GB RAM/512GB SSD 15.6inch(39.6 cm) IPS Micro-Edge Touch Display/Radeon Graphics/Backlit Kb/Windows 11 Home/Alexa/B&O Audio/FPR/MSO,15-eh2047au  ","69,325",
Xiaomi Notebook Pro QHD+IPS AntiGlare Display Intel Core I5-11300H 11th Gen 14 Inch Thin & Light Laptop (16GB/512GB SSD/Iris Xe Graphics/Windows 11 Home/MS Office21/Backlit Keyboard/FP Sensor/1.4 Kg)  ,"56,999",
"Lenovo ThinkPad E14 Intel Core i5 12th Gen 14"" FHD Thin and Light Laptop (16GB RAM/512GB SSD/Windows 11 Home/MS Office H&S 2021/FPR/Backlit Keyboard/Black/1.59 kg), 21E3S04W00  ","70,990",
